task_id,title,category,priority,department,assignee,created_at,due_at,started_at,completed_at,current_status,processing_time_hours,wait_time_hours,rework_count,sla_breach_flag
T000001,タスク1,案件,高,技術,担当者C,2026-04-10T19:18:44.116921,2026-04-13T19:18:44.116921,2026-04-10T21:18:44.116921,2026-04-15T18:50:56.999177,完了,117.53691173777779,4,0,True
T000002,タスク2,申請,低,技術,担当者B,2026-01-23T16:18:44.116921,2026-01-26T16:18:44.116921,2026-01-23T18:18:44.116921,2026-01-29T03:39:27.288424,完了,129.3453254175,1,1,True
T000003,タスク3,案件,低,技術,担当者B,2026-04-05T00:18:44.116921,2026-04-08T00:18:44.116921,2026-04-05T04:18:44.116921,2026-04-09T16:44:52.348675,完了,108.43561993166666,2,0,True
T000004,タスク4,案件,中,営業,担当者E,2026-02-01T03:18:44.116921,2026-02-06T03:18:44.116921,2026-02-01T06:18:44.116921,2026-02-05T23:33:15.940596,完了,113.24217324305555,4,0,False
T000005,タスク5,報告,低,企画,担当者C,2026-03-31T01:18:44.116921,2026-04-07T01:18:44.116921,2026-03-31T03:18:44.116921,2026-04-05T22:48:59.435660,完了,139.5042552052778,1,1,False
T000006,タスク6,案件,高,企画,担当者D,2026-02-01T04:18:44.116921,2026-02-06T04:18:44.116921,2026-02-01T07:18:44.116921,2026-02-06T02:49:00.570457,完了,115.50457042666666,2,0,False
T000007,タスク7,問い合わせ,高,事務,担当者B,2026-03-29T15:18:44.116921,2026-04-02T15:18:44.116921,2026-03-29T19:18:44.116921,2026-04-04T01:37:59.306729,完了,126.32088605777777,4,0,True
T000008,タスク8,報告,低,技術,担当者C,2026-01-26T23:18:44.116921,2026-01-29T23:18:44.116921,2026-01-27T03:18:44.116921,2026-02-01T06:02:49.205400,完了,122.73474679972223,4,0,True
T000009,タスク9,報告,高,技術,担当者B,2026-03-11T12:18:44.116921,2026-03-17T12:18:44.116921,2026-03-11T15:18:44.116921,2026-03-15T06:17:54.047365,完了,86.98609179,4,0,False
T000010,タスク10,案件,低,企画,担当者B,2026-04-04T04:18:44.116921,2026-04-09T04:18:44.116921,2026-04-04T06:18:44.116921,2026-04-10T04:43:45.867134,完了,142.41715283694444,0,1,True
T000011,タスク11,報告,高,営業,担当者A,2026-04-17T05:18:44.116921,2026-04-24T05:18:44.116921,2026-04-17T09:18:44.116921,2026-04-19T00:24:52.685994,完了,39.10238029805555,4,0,False
T000012,タスク12,申請,低,技術,担当者E,2026-04-17T15:18:44.116921,2026-04-20T15:18:44.116921,2026-04-17T18:18:44.116921,2026-04-20T21:22:12.876354,完了,75.05798873138889,2,0,True
T000013,タスク13,問い合わせ,低,事務,担当者E,2026-01-20T15:18:44.116921,2026-01-25T15:18:44.116921,2026-01-20T17:18:44.116921,2026-01-24T09:57:28.549132,完了,88.64567561416666,2,0,False
T000014,タスク14,報告,低,営業,担当者A,2026-02-09T09:18:44.116921,2026-02-16T09:18:44.116921,2026-02-09T12:18:44.116921,2026-02-10T00:18:44.116921,完了,12.0,2,0,False
T000015,タスク15,問い合わせ,低,技術,担当者A,2026-02-19T10:18:44.116921,2026-02-22T10:18:44.116921,2026-02-19T14:18:44.116921,2026-02-20T05:11:37.796338,完了,14.881577615833333,4,0,False
T000016,タスク16,報告,中,事務,担当者E,2026-03-30T21:18:44.116921,2026-04-04T21:18:44.116921,2026-03-31T01:18:44.116921,,確認待ち,,24,0,False
T000017,タスク17,問い合わせ,高,企画,担当者A,2026-03-17T08:18:44.116921,2026-03-23T08:18:44.116921,2026-03-17T10:18:44.116921,2026-03-18T14:51:57.229883,完了,28.553642489444446,4,0,False
T000018,タスク18,問い合わせ,中,技術,担当者B,2026-01-19T18:18:44.116921,2026-01-22T18:18:44.116921,2026-01-19T19:18:44.116921,,確認待ち,,16,0,False
T000019,タスク19,問い合わせ,低,営業,担当者E,2026-02-16T09:18:44.116921,2026-02-20T09:18:44.116921,2026-02-16T13:18:44.116921,2026-02-19T07:52:41.492821,完了,66.56593775,3,0,False
T000020,タスク20,案件,中,事務,担当者D,2026-04-14T05:18:44.116921,2026-04-19T05:18:44.116921,2026-04-14T09:18:44.116921,2026-04-18T06:11:45.685085,完了,92.88376893444445,0,0,False
T000021,タスク21,問い合わせ,低,技術,担当者B,2026-02-01T23:18:44.116921,2026-02-05T23:18:44.116921,2026-02-02T03:18:44.116921,2026-02-07T07:27:09.759829,完了,124.14045636333333,3,0,True
T000022,タスク22,問い合わせ,中,技術,担当者E,2026-03-30T19:18:44.116921,2026-04-02T19:18:44.116921,2026-03-30T20:18:44.116921,,確認待ち,,27,0,False
T000023,タスク23,申請,中,技術,担当者A,2026-03-21T22:18:44.116921,2026-03-27T22:18:44.116921,2026-03-22T00:18:44.116921,2026-03-24T01:36:31.666429,完了,49.29654153,2,0,False
T000024,タスク24,案件,高,事務,担当者D,2026-04-19T15:18:44.116921,2026-04-26T15:18:44.116921,2026-04-19T17:18:44.116921,2026-04-23T13:57:25.522290,完了,92.64483482472222,0,0,False
T000025,タスク25,案件,高,営業,担当者D,2026-01-26T17:18:44.116921,2026-02-02T17:18:44.116921,2026-01-26T19:18:44.116921,2026-01-31T08:51:36.383002,完了,109.54785168916666,1,0,False
T000026,タスク26,申請,高,事務,担当者A,2026-04-15T23:18:44.116921,2026-04-21T23:18:44.116921,2026-04-16T01:18:44.116921,2026-04-19T15:26:31.086322,完了,86.1297137225,0,1,False
T000027,タスク27,申請,中,営業,担当者B,2026-02-21T22:18:44.116921,2026-02-26T22:18:44.116921,2026-02-22T01:18:44.116921,2026-02-25T03:12:47.440850,完了,73.90092331361112,2,0,False
T000028,タスク28,問い合わせ,中,営業,担当者E,2026-01-21T06:18:44.116921,2026-01-28T06:18:44.116921,2026-01-21T07:18:44.116921,2026-01-25T02:31:32.363949,完了,91.21340195222223,2,0,False
T000029,タスク29,案件,高,事務,担当者B,2026-02-20T03:18:44.116921,2026-02-25T03:18:44.116921,2026-02-20T07:18:44.116921,2026-02-23T19:46:47.970674,完了,84.4677371536111,4,0,False
T000030,タスク30,報告,中,企画,担当者C,2026-04-13T19:18:44.116921,2026-04-17T19:18:44.116921,2026-04-13T20:18:44.116921,,確認待ち,,21,0,False
T000031,タスク31,案件,高,技術,担当者E,2026-03-03T22:18:44.116921,2026-03-08T22:18:44.116921,2026-03-04T02:18:44.116921,2026-03-07T02:45:34.155884,完了,72.44723304527778,0,0,False
T000032,タスク32,申請,高,営業,担当者C,2026-02-23T17:18:44.116921,2026-02-26T17:18:44.116921,2026-02-23T19:18:44.116921,2026-03-01T18:52:33.585034,完了,143.5637411425,3,0,True
T000033,タスク33,申請,低,営業,担当者E,2026-02-02T18:18:44.116921,2026-02-06T18:18:44.116921,2026-02-02T19:18:44.116921,2026-02-06T07:03:11.188747,完了,83.740853285,1,0,False
T000034,タスク34,申請,高,企画,担当者C,2026-02-28T03:18:44.116921,2026-03-03T03:18:44.116921,2026-02-28T05:18:44.116921,2026-03-03T21:00:15.137512,完了,87.69195016416666,2,0,True
T000035,タスク35,問い合わせ,中,企画,担当者D,2026-02-18T21:18:44.116921,2026-02-22T21:18:44.116921,2026-02-18T22:18:44.116921,2026-02-24T14:06:18.421246,完了,135.7928623125,3,0,True
T000036,タスク36,報告,中,企画,担当者A,2026-04-18T19:18:44.116921,2026-04-24T19:18:44.116921,2026-04-18T23:18:44.116921,2026-04-19T23:52:19.403835,完了,24.559801920555554,3,0,False
T000037,タスク37,報告,高,技術,担当者D,2026-02-16T16:18:44.116921,2026-02-20T16:18:44.116921,2026-02-16T19:18:44.116921,2026-02-23T11:19:20.768608,完了,160.01018102416666,2,1,True
T000038,タスク38,案件,低,技術,担当者A,2026-04-16T09:18:44.116921,2026-04-21T09:18:44.116921,2026-04-16T10:18:44.116921,,処理中,,4,0,False
T000039,タスク39,案件,高,技術,担当者D,2026-03-05T15:18:44.116921,2026-03-10T15:18:44.116921,2026-03-05T16:18:44.116921,2026-03-09T14:48:39.897221,完了,94.49882786111111,2,0,False
T000040,タスク40,報告,高,営業,担当者B,2026-01-20T08:18:44.116921,2026-01-27T08:18:44.116921,2026-01-20T11:18:44.116921,2026-01-24T15:05:31.165544,完了,99.7797357286111,2,0,False
T000041,タスク41,問い合わせ,中,技術,担当者D,2026-02-27T08:18:44.116921,2026-03-04T08:18:44.116921,2026-02-27T11:18:44.116921,2026-03-05T01:29:26.926930,完了,134.17855833583334,1,0,True
T000042,タスク42,報告,低,技術,担当者E,2026-04-16T15:18:44.116921,2026-04-20T15:18:44.116921,2026-04-16T18:18:44.116921,2026-04-20T09:36:09.092517,完了,87.29027099888889,2,0,False
T000043,タスク43,問い合わせ,高,営業,担当者D,2026-04-04T11:18:44.116921,2026-04-09T11:18:44.116921,2026-04-04T15:18:44.116921,2026-04-09T13:05:30.507642,完了,117.77955297805555,3,0,True
T000044,タスク44,問い合わせ,低,企画,担当者C,2026-02-25T08:18:44.116921,2026-03-04T08:18:44.116921,2026-02-25T09:18:44.116921,2026-03-01T15:31:51.829482,完了,102.21880904472224,2,0,False
T000045,タスク45,問い合わせ,高,技術,担当者D,2026-01-22T17:18:44.116921,2026-01-26T17:18:44.116921,2026-01-22T18:18:44.116921,2026-01-26T13:55:28.676947,完了,91.612377785,4,0,False
T000046,タスク46,申請,低,企画,担当者B,2026-03-24T04:18:44.116921,2026-03-28T04:18:44.116921,2026-03-24T05:18:44.116921,,確認待ち,,18,0,False
T000047,タスク47,申請,高,事務,担当者A,2026-04-19T08:18:44.116921,2026-04-25T08:18:44.116921,2026-04-19T10:18:44.116921,,処理中,,2,0,False
T000048,タスク48,申請,中,企画,担当者D,2026-03-17T11:18:44.116921,2026-03-24T11:18:44.116921,2026-03-17T15:18:44.116921,,確認待ち,,42,0,False
T000049,タスク49,問い合わせ,中,事務,担当者D,2026-04-11T00:18:44.116921,2026-04-18T00:18:44.116921,2026-04-11T02:18:44.116921,2026-04-17T20:54:35.013096,完了,162.59747115972223,2,1,False
T000050,タスク50,案件,中,技術,担当者B,2026-03-01T09:18:44.116921,2026-03-04T09:18:44.116921,2026-03-01T11:18:44.116921,2026-03-04T01:27:42.781382,完了,62.149629016944445,1,0,False
T000051,タスク51,案件,高,技術,担当者D,2026-03-03T09:18:44.116921,2026-03-09T09:18:44.116921,2026-03-03T10:18:44.116921,2026-03-08T16:32:04.800886,完了,126.22241221249999,4,0,False
T000052,タスク52,問い合わせ,中,企画,担当者C,2026-03-21T16:18:44.116921,2026-03-26T16:18:44.116921,2026-03-21T20:18:44.116921,,確認待ち,,38,0,False
T000053,タスク53,問い合わせ,中,企画,担当者A,2026-02-23T05:18:44.116921,2026-03-01T05:18:44.116921,2026-02-23T09:18:44.116921,2026-02-24T20:18:55.268260,完了,35.00309759416667,3,0,False
T000054,タスク54,問い合わせ,低,事務,担当者D,2026-04-09T09:18:44.116921,2026-04-12T09:18:44.116921,2026-04-09T10:18:44.116921,2026-04-14T22:03:23.182006,完了,131.74418474583334,3,0,True
T000055,タスク55,申請,中,営業,担当者D,2026-03-09T02:18:44.116921,2026-03-13T02:18:44.116921,2026-03-09T05:18:44.116921,2026-03-15T01:06:26.803916,完了,139.79519083194444,2,0,True
T000056,タスク56,案件,低,企画,担当者A,2026-03-20T16:18:44.116921,2026-03-27T16:18:44.116921,2026-03-20T19:18:44.116921,2026-03-25T01:11:34.198754,完了,101.88057828694444,0,1,False
T000057,タスク57,申請,高,事務,担当者B,2026-01-22T11:18:44.116921,2026-01-26T11:18:44.116921,2026-01-22T13:18:44.116921,2026-01-25T21:11:57.401716,完了,79.88702355416666,1,0,False
T000058,タスク58,案件,高,営業,担当者E,2026-03-07T21:18:44.116921,2026-03-14T21:18:44.116921,2026-03-07T22:18:44.116921,2026-03-11T04:22:31.357502,完了,78.0631223836111,2,0,False
T000059,タスク59,案件,高,事務,担当者D,2026-02-28T10:18:44.116921,2026-03-06T10:18:44.116921,2026-02-28T12:18:44.116921,2026-03-05T18:40:21.045300,完了,126.36025788305555,1,0,False
T000060,タスク60,案件,高,事務,担当者E,2026-04-17T11:18:44.116921,2026-04-20T11:18:44.116921,2026-04-17T12:18:44.116921,2026-04-21T19:02:33.796108,完了,102.73046644083333,2,0,True
T000061,タスク61,問い合わせ,中,企画,担当者A,2026-01-21T05:18:44.116921,2026-01-27T05:18:44.116921,2026-01-21T09:18:44.116921,,確認待ち,,41,0,False
T000062,タスク62,報告,中,企画,担当者E,2026-03-27T12:18:44.116921,2026-04-01T12:18:44.116921,2026-03-27T16:18:44.116921,2026-03-31T00:44:51.368454,完了,80.43534764805555,4,0,False
T000063,タスク63,案件,中,事務,担当者B,2026-01-31T00:18:44.116921,2026-02-06T00:18:44.116921,2026-01-31T04:18:44.116921,2026-02-03T07:04:14.243518,完了,74.75836849916666,2,0,False
T000064,タスク64,案件,高,企画,担当者C,2026-02-12T07:18:44.116921,2026-02-16T07:18:44.116921,2026-02-12T10:18:44.116921,2026-02-15T23:20:42.315065,完了,85.03283281777779,2,0,False
T000065,タスク65,申請,低,営業,担当者D,2026-01-29T23:18:44.116921,2026-02-04T23:18:44.116921,2026-01-30T01:18:44.116921,2026-02-04T16:54:45.901765,完了,135.60049579,3,0,False
T000066,タスク66,報告,中,事務,担当者B,2026-02-25T23:18:44.116921,2026-03-03T23:18:44.116921,2026-02-26T02:18:44.116921,2026-03-03T04:21:07.427696,完了,122.03980854861112,4,0,False
T000067,タスク67,報告,低,企画,担当者C,2026-03-06T14:18:44.116921,2026-03-12T14:18:44.116921,2026-03-06T17:18:44.116921,2026-03-11T03:55:46.777317,完了,106.61740566555557,1,0,False
T000068,タスク68,問い合わせ,中,企画,担当者C,2026-02-12T22:18:44.116921,2026-02-18T22:18:44.116921,2026-02-13T01:18:44.116921,,確認待ち,,30,0,False
T000069,タスク69,問い合わせ,高,技術,担当者B,2026-02-26T16:18:44.116921,2026-03-05T16:18:44.116921,2026-02-26T19:18:44.116921,2026-03-04T14:15:20.398972,完了,138.94341168083332,2,1,False
T000070,タスク70,報告,中,営業,担当者C,2026-02-01T16:18:44.116921,2026-02-08T16:18:44.116921,2026-02-01T20:18:44.116921,2026-02-05T19:55:33.439483,完了,95.61370071166667,0,0,False
T000071,タスク71,案件,低,営業,担当者A,2026-01-28T04:18:44.116921,2026-02-03T04:18:44.116921,2026-01-28T05:18:44.116921,2026-01-30T12:15:03.781174,完了,54.93879562583333,2,0,False
T000072,タスク72,報告,高,技術,担当者E,2026-04-01T05:18:44.116921,2026-04-08T05:18:44.116921,2026-04-01T07:18:44.116921,2026-04-06T00:50:33.204395,完了,113.53030207611111,3,0,False
T000073,タスク73,報告,高,営業,担当者A,2026-02-28T10:18:44.116921,2026-03-07T10:18:44.116921,2026-02-28T11:18:44.116921,,処理中,,3,0,False
T000074,タスク74,申請,中,営業,担当者E,2026-02-08T23:18:44.116921,2026-02-12T23:18:44.116921,2026-02-09T00:18:44.116921,2026-02-13T18:21:12.286411,完了,114.04115819166667,4,0,True
T000075,タスク75,問い合わせ,中,営業,担当者D,2026-02-18T01:18:44.116921,2026-02-23T01:18:44.116921,2026-02-18T02:18:44.116921,2026-02-21T00:00:47.335326,完了,69.70089400138889,4,0,False
T000076,タスク76,報告,中,営業,担当者C,2026-03-29T23:18:44.116921,2026-04-02T23:18:44.116921,2026-03-30T01:18:44.116921,2026-04-04T05:05:34.018023,完了,123.78052808388888,2,0,True
T000077,タスク77,案件,中,事務,担当者D,2026-03-20T14:18:44.116921,2026-03-25T14:18:44.116921,2026-03-20T17:18:44.116921,2026-03-25T18:59:00.810278,完了,121.67130371027778,0,0,True
T000078,タスク78,案件,高,事務,担当者A,2026-04-07T00:18:44.116921,2026-04-10T00:18:44.116921,2026-04-07T02:18:44.116921,,確認待ち,,48,0,False
T000079,タスク79,申請,低,技術,担当者D,2026-04-02T17:18:44.116921,2026-04-06T17:18:44.116921,2026-04-02T21:18:44.116921,,処理中,,6,0,False
T000080,タスク80,報告,高,技術,担当者C,2026-03-05T05:18:44.116921,2026-03-10T05:18:44.116921,2026-03-05T06:18:44.116921,,処理中,,7,0,False
T000081,タスク81,案件,高,技術,担当者A,2026-03-30T17:18:44.116921,2026-04-05T17:18:44.116921,2026-03-30T20:18:44.116921,2026-04-01T16:05:40.396034,完了,43.78229975361111,3,0,False
T000082,タスク82,案件,低,事務,担当者E,2026-03-12T17:18:44.116921,2026-03-16T17:18:44.116921,2026-03-12T20:18:44.116921,2026-03-16T15:10:07.737864,完了,90.85656137305556,3,0,False
T000083,タスク83,問い合わせ,高,企画,担当者D,2026-03-30T20:18:44.116921,2026-04-04T20:18:44.116921,2026-03-31T00:18:44.116921,2026-04-06T04:41:16.153294,完了,148.37556565916668,4,0,True
T000084,タスク84,申請,低,企画,担当者E,2026-02-28T09:18:44.116921,2026-03-03T09:18:44.116921,2026-02-28T13:18:44.116921,2026-03-03T15:21:41.279434,完了,74.04921180916668,0,0,True
T000085,タスク85,問い合わせ,中,企画,担当者E,2026-03-24T14:18:44.116921,2026-03-29T14:18:44.116921,2026-03-24T17:18:44.116921,2026-03-27T13:47:21.039089,完了,68.47692282444444,3,0,False
T000086,タスク86,報告,高,事務,担当者E,2026-03-09T22:18:44.116921,2026-03-16T22:18:44.116921,2026-03-10T00:18:44.116921,,処理中,,6,0,False
T000087,タスク87,報告,中,技術,担当者E,2026-01-20T01:18:44.116921,2026-01-25T01:18:44.116921,2026-01-20T05:18:44.116921,,処理中,,7,0,False
T000088,タスク88,報告,高,技術,担当者B,2026-03-19T02:18:44.116921,2026-03-23T02:18:44.116921,2026-03-19T06:18:44.116921,2026-03-23T12:37:27.393621,完了,102.31202130555555,0,0,True
T000089,タスク89,案件,中,営業,担当者D,2026-03-09T04:18:44.116921,2026-03-13T04:18:44.116921,2026-03-09T05:18:44.116921,2026-03-13T19:08:27.091637,完了,109.82860408777779,2,0,True
T000090,タスク90,申請,中,事務,担当者B,2026-03-28T06:18:44.116921,2026-03-31T06:18:44.116921,2026-03-28T10:18:44.116921,,確認待ち,,16,0,False
T000091,タスク91,報告,高,技術,担当者A,2026-04-09T14:18:44.116921,2026-04-15T14:18:44.116921,2026-04-09T17:18:44.116921,,確認待ち,,36,0,False
T000092,タスク92,案件,中,営業,担当者A,2026-03-29T17:18:44.116921,2026-04-05T17:18:44.116921,2026-03-29T19:18:44.116921,2026-04-01T13:54:36.858667,完了,66.59798381833333,1,0,False
T000093,タスク93,報告,低,事務,担当者D,2026-04-11T14:18:44.116921,2026-04-14T14:18:44.116921,2026-04-11T16:18:44.116921,2026-04-16T02:49:58.207072,完了,106.5205805975,0,0,True
T000094,タスク94,問い合わせ,低,営業,担当者B,2026-03-06T03:18:44.116921,2026-03-12T03:18:44.116921,2026-03-06T05:18:44.116921,2026-03-09T23:01:16.109348,完了,89.70888678527778,1,0,False
T000095,タスク95,報告,中,事務,担当者B,2026-04-08T04:18:44.116921,2026-04-15T04:18:44.116921,2026-04-08T08:18:44.116921,,処理中,,7,0,False
T000096,タスク96,報告,高,技術,担当者C,2026-04-14T16:18:44.116921,2026-04-20T16:18:44.116921,2026-04-14T18:18:44.116921,2026-04-18T02:12:45.963706,完了,79.90051299583334,4,0,False
T000097,タスク97,問い合わせ,中,事務,担当者C,2026-04-18T00:18:44.116921,2026-04-24T00:18:44.116921,2026-04-18T02:18:44.116921,,確認待ち,,18,0,False
T000098,タスク98,申請,中,企画,担当者A,2026-04-03T01:18:44.116921,2026-04-08T01:18:44.116921,2026-04-03T05:18:44.116921,2026-04-05T10:19:28.257334,完了,53.01226122583333,0,0,False
T000099,タスク99,案件,高,営業,担当者B,2026-04-07T03:18:44.116921,2026-04-11T03:18:44.116921,2026-04-07T06:18:44.116921,2026-04-11T06:24:37.559044,完了,96.0981783675,1,0,True
T000100,タスク100,報告,高,技術,担当者E,2026-02-28T06:18:44.116921,2026-03-03T06:18:44.116921,2026-02-28T09:18:44.116921,2026-03-05T04:48:29.454262,完了,115.49592703916666,2,1,True
T000101,タスク101,報告,中,事務,担当者E,2026-02-10T22:18:44.116921,2026-02-14T22:18:44.116921,2026-02-11T01:18:44.116921,2026-02-13T10:08:13.691230,完了,56.8248817525,1,0,False
T000102,タスク102,報告,低,技術,担当者A,2026-03-03T19:18:44.116921,2026-03-09T19:18:44.116921,2026-03-03T21:18:44.116921,2026-03-05T13:14:09.112211,完了,39.923609802777776,3,0,False
T000103,タスク103,申請,高,事務,担当者A,2026-01-21T00:18:44.116921,2026-01-28T00:18:44.116921,2026-01-21T04:18:44.116921,2026-01-22T21:43:55.689539,完了,41.41988128277778,2,0,False
T000104,タスク104,問い合わせ,高,営業,担当者D,2026-02-02T13:18:44.116921,2026-02-06T13:18:44.116921,2026-02-02T14:18:44.116921,2026-02-06T22:54:30.712072,完了,104.59627643083334,2,0,True
T000105,タスク105,申請,低,営業,担当者D,2026-04-11T06:18:44.116921,2026-04-16T06:18:44.116921,2026-04-11T07:18:44.116921,2026-04-16T04:12:56.048531,完了,116.90331433611112,2,0,False
T000106,タスク106,申請,高,企画,担当者D,2026-02-19T09:18:44.116921,2026-02-23T09:18:44.116921,2026-02-19T13:18:44.116921,2026-02-24T21:04:12.112144,完了,127.75777645083333,4,0,True
T000107,タスク107,問い合わせ,中,技術,担当者D,2026-03-14T12:18:44.116921,2026-03-17T12:18:44.116921,2026-03-14T16:18:44.116921,,処理中,,5,0,False
T000108,タスク108,申請,低,企画,担当者C,2026-02-19T03:18:44.116921,2026-02-22T03:18:44.116921,2026-02-19T06:18:44.116921,2026-02-23T21:39:50.935344,完了,111.35189400638889,0,0,True
T000109,タスク109,問い合わせ,低,企画,担当者A,2026-04-12T12:18:44.116921,2026-04-19T12:18:44.116921,2026-04-12T13:18:44.116921,2026-04-14T18:15:25.999928,完了,52.94496750194445,1,0,False
T000110,タスク110,問い合わせ,低,事務,担当者C,2026-04-04T22:18:44.116921,2026-04-08T22:18:44.116921,2026-04-05T00:18:44.116921,2026-04-09T10:52:58.415223,完了,106.57063841722221,2,0,True
T000111,タスク111,報告,低,企画,担当者B,2026-02-10T19:18:44.116921,2026-02-13T19:18:44.116921,2026-02-10T20:18:44.116921,2026-02-13T07:28:18.650520,完了,59.15959266638889,4,0,False
T000112,タスク112,案件,中,企画,担当者D,2026-02-21T17:18:44.116921,2026-02-25T17:18:44.116921,2026-02-21T18:18:44.116921,2026-02-26T17:48:11.477850,完了,119.4909335913889,2,0,True
T000113,タスク113,申請,中,営業,担当者C,2026-04-07T17:18:44.116921,2026-04-14T17:18:44.116921,2026-04-07T21:18:44.116921,2026-04-13T22:28:07.229032,完了,145.15642003083335,3,1,False
T000114,タスク114,報告,高,事務,担当者A,2026-03-23T14:18:44.116921,2026-03-29T14:18:44.116921,2026-03-23T15:18:44.116921,2026-03-27T14:36:23.411736,完了,95.29424855972222,1,0,False
T000115,タスク115,問い合わせ,中,技術,担当者C,2026-03-09T11:18:44.116921,2026-03-16T11:18:44.116921,2026-03-09T15:18:44.116921,2026-03-13T23:37:08.127035,完了,104.30666947611111,0,0,False
T000116,タスク116,報告,高,事務,担当者D,2026-02-18T05:18:44.116921,2026-02-23T05:18:44.116921,2026-02-18T09:18:44.116921,2026-02-25T03:06:07.069223,完了,161.7897089727778,3,1,True
T000117,タスク117,報告,低,営業,担当者A,2026-03-07T20:18:44.116921,2026-03-13T20:18:44.116921,2026-03-07T21:18:44.116921,2026-03-11T08:38:44.839399,完了,83.33353402166667,0,1,False
T000118,タスク118,案件,中,事務,担当者C,2026-04-05T09:18:44.116921,2026-04-12T09:18:44.116921,2026-04-05T10:18:44.116921,2026-04-08T23:52:25.090961,完了,85.56138167777777,3,0,False
T000119,タスク119,報告,高,事務,担当者E,2026-03-05T19:18:44.116921,2026-03-12T19:18:44.116921,2026-03-05T21:18:44.116921,2026-03-10T07:15:16.029860,完了,105.94219803861111,0,0,False
T000120,タスク120,案件,高,事務,担当者B,2026-02-03T00:18:44.116921,2026-02-10T00:18:44.116921,2026-02-03T04:18:44.116921,2026-02-07T18:44:57.728140,完了,110.4371142275,4,0,False
T000121,タスク121,申請,低,企画,担当者C,2026-01-22T21:18:44.116921,2026-01-27T21:18:44.116921,2026-01-23T00:18:44.116921,2026-01-28T03:30:00.245101,完了,123.18781338333334,1,0,True
T000122,タスク122,報告,中,事務,担当者E,2026-04-10T16:18:44.116921,2026-04-13T16:18:44.116921,2026-04-10T18:18:44.116921,2026-04-13T12:51:07.256046,完了,66.53976086805555,1,0,False
T000123,タスク123,報告,中,技術,担当者A,2026-04-02T11:18:44.116921,2026-04-05T11:18:44.116921,2026-04-02T13:18:44.116921,2026-04-05T16:14:45.259693,完了,74.93365077,0,0,True
T000124,タスク124,申請,低,事務,担当者D,2026-03-23T11:18:44.116921,2026-03-29T11:18:44.116921,2026-03-23T14:18:44.116921,2026-03-27T11:23:48.171461,完了,93.08445959444444,2,0,False
T000125,タスク125,案件,低,企画,担当者D,2026-04-16T13:18:44.116921,2026-04-23T13:18:44.116921,2026-04-16T16:18:44.116921,2026-04-22T03:34:47.679244,完了,131.26765620083333,4,0,False
T000126,タスク126,問い合わせ,低,技術,担当者C,2026-02-26T22:18:44.116921,2026-03-02T22:18:44.116921,2026-02-27T01:18:44.116921,2026-03-06T19:22:08.409777,完了,186.05674801555557,3,1,True
T000127,タスク127,申請,低,技術,担当者E,2026-03-29T14:18:44.116921,2026-04-02T14:18:44.116921,2026-03-29T17:18:44.116921,2026-04-01T10:17:38.246128,完了,64.9817025575,0,0,False
T000128,タスク128,申請,低,事務,担当者D,2026-01-29T02:18:44.116921,2026-02-05T02:18:44.116921,2026-01-29T06:18:44.116921,2026-02-02T19:26:21.617851,完了,109.12708359166666,0,0,False
T000129,タスク129,申請,高,営業,担当者C,2026-02-10T11:18:44.116921,2026-02-16T11:18:44.116921,2026-02-10T12:18:44.116921,2026-02-15T02:13:32.019276,完了,109.91330620972224,3,0,False
T000130,タスク130,問い合わせ,中,事務,担当者B,2026-03-11T01:18:44.116921,2026-03-16T01:18:44.116921,2026-03-11T04:18:44.116921,2026-03-16T06:38:43.879708,完了,122.33326744083332,0,1,True
T000131,タスク131,案件,低,技術,担当者A,2026-04-11T20:18:44.116921,2026-04-15T20:18:44.116921,2026-04-11T22:18:44.116921,2026-04-12T16:32:22.260566,完了,18.227262123611112,1,0,False
T000132,タスク132,申請,低,技術,担当者D,2026-03-20T10:18:44.116921,2026-03-27T10:18:44.116921,2026-03-20T13:18:44.116921,,確認待ち,,21,0,False
T000133,タスク133,申請,低,営業,担当者C,2026-03-17T12:18:44.116921,2026-03-22T12:18:44.116921,2026-03-17T13:18:44.116921,2026-03-22T16:54:57.684228,完了,123.60376869638888,3,1,True
T000134,タスク134,申請,高,企画,担当者A,2026-03-08T01:18:44.116921,2026-03-11T01:18:44.116921,2026-03-08T05:18:44.116921,2026-03-10T14:24:18.825727,完了,57.09297466833333,0,0,False
T000135,タスク135,案件,高,企画,担当者E,2026-03-02T11:18:44.116921,2026-03-08T11:18:44.116921,2026-03-02T13:18:44.116921,,処理中,,5,0,False
T000136,タスク136,申請,中,営業,担当者D,2026-01-24T23:18:44.116921,2026-01-30T23:18:44.116921,2026-01-25T01:18:44.116921,2026-01-31T07:04:15.582996,完了,149.7587405763889,3,0,True
T000137,タスク137,報告,高,企画,担当者A,2026-04-10T12:18:44.116921,2026-04-15T12:18:44.116921,2026-04-10T15:18:44.116921,2026-04-12T00:16:25.649355,完了,32.96153678722222,2,0,False
T000138,タスク138,問い合わせ,高,営業,担当者B,2026-03-02T18:18:44.116921,2026-03-09T18:18:44.116921,2026-03-02T21:18:44.116921,2026-03-06T15:07:43.224921,完了,89.81641888888889,3,0,False
T000139,タスク139,案件,高,技術,担当者C,2026-02-28T09:18:44.116921,2026-03-06T09:18:44.116921,2026-02-28T11:18:44.116921,2026-03-05T14:55:54.426986,完了,123.61953057361112,4,0,False
T000140,タスク140,問い合わせ,低,企画,担当者C,2026-03-26T03:18:44.116921,2026-03-29T03:18:44.116921,2026-03-26T06:18:44.116921,2026-03-29T18:40:46.775369,完了,84.36740512444443,3,0,True
T000141,タスク141,問い合わせ,高,技術,担当者A,2026-02-07T18:18:44.116921,2026-02-12T18:18:44.116921,2026-02-07T19:18:44.116921,2026-02-09T23:40:46.147601,完了,52.36723074444444,4,0,False
T000142,タスク142,問い合わせ,中,事務,担当者E,2026-02-07T21:18:44.116921,2026-02-11T21:18:44.116921,2026-02-07T23:18:44.116921,2026-02-14T00:24:33.824097,完了,145.09714088222222,2,1,True
T000143,タスク143,報告,高,技術,担当者B,2026-03-17T23:18:44.116921,2026-03-24T23:18:44.116921,2026-03-18T02:18:44.116921,,確認待ち,,24,0,False
T000144,タスク144,報告,低,技術,担当者E,2026-03-20T01:18:44.116921,2026-03-26T01:18:44.116921,2026-03-20T05:18:44.116921,,確認待ち,,20,0,False
T000145,タスク145,申請,高,企画,担当者E,2026-03-08T09:18:44.116921,2026-03-11T09:18:44.116921,2026-03-08T10:18:44.116921,2026-03-12T03:18:07.215659,完了,88.98974964944443,2,0,True
T000146,タスク146,報告,低,技術,担当者D,2026-03-15T18:18:44.116921,2026-03-19T18:18:44.116921,2026-03-15T21:18:44.116921,,処理中,,6,0,False
T000147,タスク147,問い合わせ,低,営業,担当者A,2026-01-30T03:18:44.116921,2026-02-03T03:18:44.116921,2026-01-30T06:18:44.116921,,確認待ち,,33,0,False
T000148,タスク148,報告,低,企画,担当者D,2026-02-25T07:18:44.116921,2026-03-01T07:18:44.116921,2026-02-25T11:18:44.116921,2026-03-01T09:57:34.155825,完了,94.64723302888889,0,0,True
T000149,タスク149,案件,低,企画,担当者E,2026-03-31T15:18:44.116921,2026-04-07T15:18:44.116921,2026-03-31T19:18:44.116921,2026-04-04T17:20:00.717936,完了,94.02127805972223,2,0,False
T000150,タスク150,案件,高,企画,担当者D,2026-03-14T12:18:44.116921,2026-03-21T12:18:44.116921,2026-03-14T13:18:44.116921,2026-03-19T19:00:51.697535,完了,125.7021057261111,4,0,False
T000151,タスク151,報告,低,営業,担当者A,2026-02-07T01:18:44.116921,2026-02-13T01:18:44.116921,2026-02-07T04:18:44.116921,2026-02-09T09:07:18.182737,完了,52.809462726666666,0,0,False
T000152,タスク152,報告,低,営業,担当者D,2026-03-10T07:18:44.116921,2026-03-13T07:18:44.116921,2026-03-10T10:18:44.116921,2026-03-17T04:57:50.617161,完了,162.6518056222222,0,1,True
T000153,タスク153,申請,高,技術,担当者B,2026-04-04T15:18:44.116921,2026-04-09T15:18:44.116921,2026-04-04T16:18:44.116921,2026-04-08T03:15:20.808165,完了,82.94352534555556,1,0,False
T000154,タスク154,案件,中,事務,担当者A,2026-04-09T21:18:44.116921,2026-04-13T21:18:44.116921,2026-04-10T01:18:44.116921,2026-04-12T05:46:17.492469,完了,52.459270985555555,1,0,False
T000155,タスク155,報告,低,事務,担当者D,2026-03-26T04:18:44.116921,2026-04-02T04:18:44.116921,2026-03-26T07:18:44.116921,2026-03-31T12:56:21.286275,完了,125.62699148722223,2,0,False
T000156,タスク156,報告,低,技術,担当者D,2026-02-22T19:18:44.116921,2026-02-27T19:18:44.116921,2026-02-22T23:18:44.116921,2026-02-27T09:35:48.146907,完了,106.28445277388889,3,0,False
T000157,タスク157,申請,高,企画,担当者E,2026-04-18T07:18:44.116921,2026-04-23T07:18:44.116921,2026-04-18T10:18:44.116921,2026-04-23T10:08:06.451131,完了,119.8228706138889,0,0,True
T000158,タスク158,申請,低,技術,担当者A,2026-03-30T01:18:44.116921,2026-04-04T01:18:44.116921,2026-03-30T02:18:44.116921,2026-04-01T11:24:35.448414,完了,57.09759208138889,3,0,False
T000159,タスク159,案件,高,技術,担当者C,2026-03-05T06:18:44.116921,2026-03-08T06:18:44.116921,2026-03-05T10:18:44.116921,2026-03-08T23:26:21.219194,完了,85.12697285361111,0,0,True
T000160,タスク160,案件,低,営業,担当者A,2026-03-07T08:18:44.116921,2026-03-11T08:18:44.116921,2026-03-07T10:18:44.116921,2026-03-09T22:55:05.102350,完了,60.60582928583333,3,0,False
T000161,タスク161,申請,中,事務,担当者C,2026-02-19T12:18:44.116921,2026-02-24T12:18:44.116921,2026-02-19T16:18:44.116921,,処理中,,2,0,False
T000162,タスク162,案件,低,企画,担当者B,2026-03-16T18:18:44.116921,2026-03-23T18:18:44.116921,2026-03-16T21:18:44.116921,2026-03-21T12:25:27.404732,完了,111.11202439194444,1,0,False
T000163,タスク163,問い合わせ,高,事務,担当者E,2026-03-24T08:18:44.116921,2026-03-30T08:18:44.116921,2026-03-24T09:18:44.116921,2026-03-28T19:33:26.243342,完了,106.24503511694444,3,0,False
T000164,タスク164,案件,高,事務,担当者A,2026-04-18T07:18:44.116921,2026-04-22T07:18:44.116921,2026-04-18T09:18:44.116921,,処理中,,7,0,False
T000165,タスク165,報告,高,企画,担当者E,2026-04-15T03:18:44.116921,2026-04-18T03:18:44.116921,2026-04-15T06:18:44.116921,,確認待ち,,23,0,False
T000166,タスク166,申請,高,企画,担当者B,2026-02-03T22:18:44.116921,2026-02-07T22:18:44.116921,2026-02-04T02:18:44.116921,2026-02-08T10:14:15.534591,完了,103.92539379722223,2,0,True
T000167,タスク167,申請,中,営業,担当者C,2026-04-07T18:18:44.116921,2026-04-10T18:18:44.116921,2026-04-07T22:18:44.116921,,確認待ち,,45,0,False
T000168,タスク168,問い合わせ,低,技術,担当者D,2026-02-05T02:18:44.116921,2026-02-08T02:18:44.116921,2026-02-05T06:18:44.116921,2026-02-11T18:43:50.447882,完了,156.41842526694447,4,0,True
T000169,タスク169,報告,高,事務,担当者E,2026-03-24T17:18:44.116921,2026-03-27T17:18:44.116921,2026-03-24T19:18:44.116921,2026-03-28T02:36:02.890343,完了,79.28854817277778,1,0,True
T000170,タスク170,案件,高,企画,担当者E,2026-01-30T00:18:44.116921,2026-02-03T00:18:44.116921,2026-01-30T03:18:44.116921,2026-02-02T00:50:25.873241,完了,69.52826564444445,4,0,False
T000171,タスク171,案件,低,事務,担当者B,2026-04-05T10:18:44.116921,2026-04-09T10:18:44.116921,2026-04-05T13:18:44.116921,2026-04-08T20:14:00.879545,完了,78.92132295111112,0,0,False
T000172,タスク172,報告,中,企画,担当者D,2026-04-12T22:18:44.116921,2026-04-19T22:18:44.116921,2026-04-12T23:18:44.116921,2026-04-17T07:38:55.310024,完了,104.33644252861112,2,0,False
T000173,タスク173,申請,中,企画,担当者D,2026-04-17T04:18:44.116921,2026-04-22T04:18:44.116921,2026-04-17T05:18:44.116921,2026-04-22T03:49:54.846766,完了,118.51964717916667,3,0,False
T000174,タスク174,問い合わせ,中,営業,担当者C,2026-03-04T11:18:44.116921,2026-03-08T11:18:44.116921,2026-03-04T14:18:44.116921,2026-03-09T08:51:44.541420,完了,114.5501179163889,3,0,True
T000175,タスク175,報告,中,技術,担当者A,2026-02-28T23:18:44.116921,2026-03-06T23:18:44.116921,2026-03-01T02:18:44.116921,2026-03-03T07:37:28.984971,完了,53.31246334722222,0,0,False
T000176,タスク176,申請,中,事務,担当者E,2026-02-19T21:18:44.116921,2026-02-24T21:18:44.116921,2026-02-20T00:18:44.116921,2026-02-24T04:11:39.023094,完了,99.88191838138889,4,0,False
T000177,タスク177,案件,低,事務,担当者D,2026-03-23T16:18:44.116921,2026-03-26T16:18:44.116921,2026-03-23T20:18:44.116921,,処理中,,5,0,False
T000178,タスク178,報告,中,事務,担当者C,2026-03-24T11:18:44.116921,2026-03-30T11:18:44.116921,2026-03-24T12:18:44.116921,2026-03-30T04:13:12.392334,完了,135.9078542813889,2,0,False
T000179,タスク179,申請,高,事務,担当者E,2026-01-25T04:18:44.116921,2026-01-28T04:18:44.116921,2026-01-25T06:18:44.116921,2026-01-28T13:13:51.036608,完了,78.91858880194444,3,0,True
T000180,タスク180,報告,低,企画,担当者A,2026-04-09T13:18:44.116921,2026-04-16T13:18:44.116921,2026-04-09T15:18:44.116921,,処理中,,5,0,False
T000181,タスク181,申請,高,技術,担当者E,2026-04-07T08:18:44.116921,2026-04-13T08:18:44.116921,2026-04-07T09:18:44.116921,2026-04-11T09:19:30.243999,完了,96.01281307722222,2,0,False
T000182,タスク182,報告,高,事務,担当者B,2026-02-08T11:18:44.116921,2026-02-15T11:18:44.116921,2026-02-08T14:18:44.116921,,処理中,,6,0,False
T000183,タスク183,案件,中,事務,担当者D,2026-03-25T08:18:44.116921,2026-04-01T08:18:44.116921,2026-03-25T11:18:44.116921,2026-03-31T02:45:04.027455,完了,135.43886403722223,2,1,False
T000184,タスク184,問い合わせ,高,営業,担当者E,2026-04-18T12:18:44.116921,2026-04-21T12:18:44.116921,2026-04-18T16:18:44.116921,2026-04-22T13:34:32.610263,完了,93.26347037277777,4,0,True
T000185,タスク185,案件,低,営業,担当者E,2026-04-04T07:18:44.116921,2026-04-08T07:18:44.116921,2026-04-04T11:18:44.116921,2026-04-07T19:01:18.369199,完了,79.70951452166666,0,0,False
T000186,タスク186,申請,高,営業,担当者B,2026-03-17T02:18:44.116921,2026-03-23T02:18:44.116921,2026-03-17T06:18:44.116921,2026-03-21T20:01:15.831073,完了,109.70880948666665,4,0,False
T000187,タスク187,報告,低,技術,担当者E,2026-02-06T08:18:44.116921,2026-02-10T08:18:44.116921,2026-02-06T11:18:44.116921,,処理中,,6,0,False
T000188,タスク188,報告,高,事務,担当者C,2026-03-29T02:18:44.116921,2026-04-05T02:18:44.116921,2026-03-29T05:18:44.116921,2026-04-02T15:54:50.182478,完了,106.60168487694445,1,0,False
T000189,タスク189,報告,低,技術,担当者B,2026-02-17T01:18:44.116921,2026-02-22T01:18:44.116921,2026-02-17T05:18:44.116921,2026-02-20T13:03:13.735128,完了,79.74156061305555,2,0,False
T000190,タスク190,申請,高,事務,担当者C,2026-03-11T03:18:44.116921,2026-03-15T03:18:44.116921,2026-03-11T04:18:44.116921,2026-03-14T11:13:37.876751,完了,78.91493328611111,2,0,False
T000191,タスク191,案件,高,企画,担当者E,2026-03-21T22:18:44.116921,2026-03-25T22:18:44.116921,2026-03-22T01:18:44.116921,,確認待ち,,20,0,False
T000192,タスク192,案件,高,企画,担当者B,2026-02-19T17:18:44.116921,2026-02-26T17:18:44.116921,2026-02-19T19:18:44.116921,2026-02-24T11:45:18.401585,完了,112.4428568511111,3,0,False
T000193,タスク193,報告,中,営業,担当者D,2026-01-20T09:18:44.116921,2026-01-24T09:18:44.116921,2026-01-20T13:18:44.116921,2026-01-25T17:25:22.276515,完了,124.11059988722224,2,0,True
T000194,タスク194,案件,中,技術,担当者B,2026-01-31T12:18:44.116921,2026-02-07T12:18:44.116921,2026-01-31T13:18:44.116921,,処理中,,2,0,False
T000195,タスク195,報告,中,技術,担当者A,2026-02-12T15:18:44.116921,2026-02-17T15:18:44.116921,2026-02-12T16:18:44.116921,2026-02-14T19:38:14.382516,完了,51.32507377638889,2,0,False
T000196,タスク196,報告,高,企画,担当者C,2026-02-06T08:18:44.116921,2026-02-12T08:18:44.116921,2026-02-06T10:18:44.116921,2026-02-11T05:42:37.254208,完了,115.39809369083333,3,0,False
T000197,タスク197,申請,高,事務,担当者C,2026-01-21T15:18:44.116921,2026-01-26T15:18:44.116921,2026-01-21T17:18:44.116921,2026-01-25T12:20:31.890931,完了,91.029937225,3,0,False
T000198,タスク198,報告,中,企画,担当者B,2026-01-31T04:18:44.116921,2026-02-03T04:18:44.116921,2026-01-31T06:18:44.116921,2026-02-04T09:15:49.596244,完了,98.95152203416667,0,0,True
T000199,タスク199,案件,高,営業,担当者C,2026-03-18T00:18:44.116921,2026-03-23T00:18:44.116921,2026-03-18T01:18:44.116921,2026-03-22T14:25:47.503540,完了,109.11760739416667,1,0,False
T000200,タスク200,報告,高,企画,担当者D,2026-03-20T01:18:44.116921,2026-03-24T01:18:44.116921,2026-03-20T04:18:44.116921,2026-03-24T06:22:02.009935,完了,98.05497028166666,2,0,True
T000201,タスク201,申請,高,企画,担当者B,2026-02-16T20:18:44.116921,2026-02-22T20:18:44.116921,2026-02-17T00:18:44.116921,2026-02-21T07:10:54.379268,完了,102.86951731861112,3,0,False
T000202,タスク202,案件,低,企画,担当者A,2026-02-20T13:18:44.116921,2026-02-27T13:18:44.116921,2026-02-20T17:18:44.116921,2026-02-23T04:04:45.543384,完了,58.767062906388894,4,0,False
T000203,タスク203,申請,低,技術,担当者B,2026-04-03T09:18:44.116921,2026-04-07T09:18:44.116921,2026-04-03T12:18:44.116921,,処理中,,3,0,False
T000204,タスク204,報告,高,営業,担当者E,2026-01-27T06:18:44.116921,2026-01-31T06:18:44.116921,2026-01-27T10:18:44.116921,2026-02-02T06:32:42.914758,完了,140.23299939916666,3,1,True
T000205,タスク205,案件,低,技術,担当者B,2026-03-11T00:18:44.116921,2026-03-14T00:18:44.116921,2026-03-11T01:18:44.116921,2026-03-13T22:51:39.610208,完了,69.54874813527778,0,0,False
T000206,タスク206,報告,中,技術,担当者B,2026-01-24T01:18:44.116921,2026-01-30T01:18:44.116921,2026-01-24T03:18:44.116921,2026-01-27T09:18:21.650162,完了,77.99375923361112,3,0,False
T000207,タスク207,申請,高,企画,担当者E,2026-03-09T04:18:44.116921,2026-03-12T04:18:44.116921,2026-03-09T06:18:44.116921,2026-03-13T04:12:03.354590,完了,93.88867713027777,1,0,True
T000208,タスク208,申請,低,企画,担当者C,2026-02-16T16:18:44.116921,2026-02-19T16:18:44.116921,2026-02-16T20:18:44.116921,2026-02-21T18:10:37.001848,完了,117.86469025749999,4,0,True
T000209,タスク209,案件,高,技術,担当者C,2026-03-19T03:18:44.116921,2026-03-23T03:18:44.116921,2026-03-19T05:18:44.116921,,確認待ち,,19,0,False
T000210,タスク210,案件,低,営業,担当者B,2026-04-07T16:18:44.116921,2026-04-11T16:18:44.116921,2026-04-07T17:18:44.116921,2026-04-16T07:17:04.917555,完了,205.97244462055556,4,1,True
T000211,タスク211,報告,低,事務,担当者E,2026-03-12T06:18:44.116921,2026-03-16T06:18:44.116921,2026-03-12T08:18:44.116921,2026-03-16T07:16:24.069020,完了,94.96109780527777,1,0,True
T000212,タスク212,問い合わせ,中,事務,担当者B,2026-04-03T11:18:44.116921,2026-04-08T11:18:44.116921,2026-04-03T14:18:44.116921,,確認待ち,,45,0,False
T000213,タスク213,案件,中,技術,担当者E,2026-02-23T17:18:44.116921,2026-03-02T17:18:44.116921,2026-02-23T19:18:44.116921,2026-02-28T01:37:44.718814,完了,102.31683385916666,3,0,False
T000214,タスク214,申請,低,企画,担当者D,2026-03-28T02:18:44.116921,2026-04-03T02:18:44.116921,2026-03-28T04:18:44.116921,2026-04-02T16:49:08.280211,完了,132.506712025,4,0,False
T000215,タスク215,問い合わせ,中,企画,担当者D,2026-02-27T14:18:44.116921,2026-03-03T14:18:44.116921,2026-02-27T15:18:44.116921,2026-03-04T09:15:32.706731,完了,113.94683050277777,4,0,True
T000216,タスク216,案件,中,技術,担当者A,2026-02-20T22:18:44.116921,2026-02-25T22:18:44.116921,2026-02-21T02:18:44.116921,2026-02-25T04:53:04.069441,完了,98.57220903333334,1,1,False
T000217,タスク217,問い合わせ,中,企画,担当者A,2026-04-16T11:18:44.116921,2026-04-23T11:18:44.116921,2026-04-16T12:18:44.116921,2026-04-17T21:28:26.438092,完了,33.16175588083333,4,0,False
T000218,タスク218,問い合わせ,高,企画,担当者B,2026-03-03T01:18:44.116921,2026-03-06T01:18:44.116921,2026-03-03T03:18:44.116921,,処理中,,7,0,False
T000219,タスク219,報告,中,事務,担当者C,2026-03-10T23:18:44.116921,2026-03-17T23:18:44.116921,2026-03-11T02:18:44.116921,2026-03-15T04:59:35.788495,完了,98.68101988166666,2,0,False
T000220,タスク220,報告,中,技術,担当者A,2026-03-26T07:18:44.116921,2026-04-01T07:18:44.116921,2026-03-26T11:18:44.116921,2026-03-28T12:53:03.257435,完了,49.57198347611111,1,0,False
T000221,タスク221,申請,中,企画,担当者B,2026-01-25T10:18:44.116921,2026-01-29T10:18:44.116921,2026-01-25T11:18:44.116921,2026-01-31T07:45:13.317049,完了,140.44144448,4,0,True
T000222,タスク222,報告,中,技術,担当者D,2026-02-14T02:18:44.116921,2026-02-18T02:18:44.116921,2026-02-14T04:18:44.116921,2026-02-17T16:27:38.746809,完了,84.14850830222223,2,0,False
T000223,タスク223,案件,高,営業,担当者B,2026-03-18T21:18:44.116921,2026-03-23T21:18:44.116921,2026-03-18T23:18:44.116921,2026-03-23T12:29:18.421280,完了,109.17619565527778,4,0,False
T000224,タスク224,問い合わせ,低,企画,担当者A,2026-01-29T13:18:44.116921,2026-02-01T13:18:44.116921,2026-01-29T17:18:44.116921,2026-01-30T10:20:53.195904,完了,17.035855273055557,0,0,False
T000225,タスク225,申請,低,営業,担当者A,2026-03-25T06:18:44.116921,2026-03-30T06:18:44.116921,2026-03-25T10:18:44.116921,2026-03-28T13:15:04.186358,完了,74.93890817694445,4,1,False
T000226,タスク226,問い合わせ,低,営業,担当者E,2026-03-28T15:18:44.116921,2026-04-02T15:18:44.116921,2026-03-28T18:18:44.116921,2026-04-02T03:13:12.382183,完了,104.90785146166665,3,0,False
T000227,タスク227,案件,中,技術,担当者B,2026-03-27T20:18:44.116921,2026-03-31T20:18:44.116921,2026-03-27T23:18:44.116921,2026-04-01T00:32:47.151841,完了,97.23417636666667,3,0,True
T000228,タスク228,案件,中,技術,担当者B,2026-03-19T10:18:44.116921,2026-03-23T10:18:44.116921,2026-03-19T13:18:44.116921,2026-03-22T16:37:10.397871,完了,75.30730026388889,0,0,False
T000229,タスク229,報告,高,営業,担当者A,2026-03-09T09:18:44.116921,2026-03-15T09:18:44.116921,2026-03-09T10:18:44.116921,2026-03-12T08:34:42.324537,完了,70.26616878222222,3,1,False
T000230,タスク230,案件,低,事務,担当者B,2026-03-27T17:18:44.116921,2026-03-31T17:18:44.116921,2026-03-27T21:18:44.116921,2026-04-01T10:21:37.913327,完了,109.04827677944444,2,0,True
T000231,タスク231,申請,高,事務,担当者B,2026-01-21T22:18:44.116921,2026-01-28T22:18:44.116921,2026-01-22T02:18:44.116921,,処理中,,3,0,False
T000232,タスク232,報告,高,技術,担当者A,2026-03-10T15:18:44.116921,2026-03-14T15:18:44.116921,2026-03-10T18:18:44.116921,2026-03-12T22:28:05.734633,完了,52.15600492,0,0,False
T000233,タスク233,申請,低,技術,担当者D,2026-03-01T16:18:44.116921,2026-03-06T16:18:44.116921,2026-03-01T20:18:44.116921,2026-03-06T21:11:14.042495,完了,120.8749793261111,3,0,True
T000234,タスク234,申請,中,事務,担当者B,2026-01-30T11:18:44.116921,2026-02-04T11:18:44.116921,2026-01-30T12:18:44.116921,2026-02-02T23:48:05.500894,完了,83.48927332583332,1,0,False
T000235,タスク235,案件,低,技術,担当者C,2026-02-01T18:18:44.116921,2026-02-04T18:18:44.116921,2026-02-01T22:18:44.116921,2026-02-08T03:28:33.532375,完了,149.163726515,1,0,True
T000236,タスク236,案件,高,事務,担当者E,2026-03-18T09:18:44.116921,2026-03-25T09:18:44.116921,2026-03-18T13:18:44.116921,2026-03-24T01:29:00.599744,完了,132.1712452286111,4,1,False
T000237,タスク237,問い合わせ,高,企画,担当者D,2026-03-09T16:18:44.116921,2026-03-14T16:18:44.116921,2026-03-09T20:18:44.116921,2026-03-13T05:25:46.261331,完了,81.11726233611111,4,0,False
T000238,タスク238,問い合わせ,中,事務,担当者B,2026-04-17T04:18:44.116921,2026-04-21T04:18:44.116921,2026-04-17T07:18:44.116921,2026-04-21T10:53:31.839158,完了,99.57992284361112,0,0,True
T000239,タスク239,問い合わせ,中,営業,担当者A,2026-03-14T01:18:44.116921,2026-03-20T01:18:44.116921,2026-03-14T04:18:44.116921,2026-03-15T15:36:21.436476,完了,35.293699876388885,3,0,False
T000240,タスク240,申請,中,技術,担当者D,2026-02-06T01:18:44.116921,2026-02-09T01:18:44.116921,2026-02-06T04:18:44.116921,2026-02-11T20:40:44.309022,完了,136.36672002805557,2,0,True
T000241,タスク241,報告,低,技術,担当者C,2026-04-13T11:18:44.116921,2026-04-17T11:18:44.116921,2026-04-13T14:18:44.116921,2026-04-17T11:05:45.083481,完了,92.78360182222221,3,0,False
T000242,タスク242,報告,低,企画,担当者E,2026-03-01T01:18:44.116921,2026-03-07T01:18:44.116921,2026-03-01T03:18:44.116921,2026-03-04T13:06:33.534087,完了,81.79706032388889,3,0,False
T000243,タスク243,申請,中,営業,担当者E,2026-04-05T09:18:44.116921,2026-04-09T09:18:44.116921,2026-04-05T10:18:44.116921,,処理中,,3,0,False
T000244,タスク244,申請,低,技術,担当者B,2026-03-13T13:18:44.116921,2026-03-19T13:18:44.116921,2026-03-13T16:18:44.116921,2026-03-18T08:56:05.115942,完了,112.62249972805556,3,0,False
T000245,タスク245,案件,低,企画,担当者D,2026-04-06T07:18:44.116921,2026-04-13T07:18:44.116921,2026-04-06T11:18:44.116921,2026-04-10T12:15:59.629265,完了,96.95430898444444,2,0,False
T000246,タスク246,報告,中,営業,担当者B,2026-04-14T13:18:44.116921,2026-04-19T13:18:44.116921,2026-04-14T14:18:44.116921,2026-04-18T07:53:23.391500,完了,89.57757627194445,3,0,False
T000247,タスク247,問い合わせ,中,営業,担当者B,2026-01-20T19:18:44.116921,2026-01-25T19:18:44.116921,2026-01-20T21:18:44.116921,2026-01-24T12:11:35.897014,完了,86.88105002583333,4,0,False
T000248,タスク248,報告,中,事務,担当者D,2026-03-21T19:18:44.116921,2026-03-26T19:18:44.116921,2026-03-21T20:18:44.116921,2026-03-26T07:46:06.000366,完了,107.45607873472221,1,0,False
T000249,タスク249,報告,低,事務,担当者D,2026-03-18T22:18:44.116921,2026-03-25T22:18:44.116921,2026-03-19T01:18:44.116921,2026-03-25T11:12:32.314009,完了,153.89672141333332,3,0,False
T000250,タスク250,問い合わせ,高,企画,担当者A,2026-01-25T14:18:44.116921,2026-01-28T14:18:44.116921,2026-01-25T17:18:44.116921,2026-01-28T01:05:16.452783,完了,55.775648850555555,1,0,False
T000251,タスク251,問い合わせ,低,技術,担当者E,2026-03-30T21:18:44.116921,2026-04-04T21:18:44.116921,2026-03-31T01:18:44.116921,,処理中,,6,0,False
T000252,タスク252,問い合わせ,中,営業,担当者B,2026-03-10T16:18:44.116921,2026-03-17T16:18:44.116921,2026-03-10T20:18:44.116921,2026-03-15T13:56:06.734701,完了,113.62294938333332,1,0,False
T000253,タスク253,申請,高,事務,担当者B,2026-04-02T19:18:44.116921,2026-04-09T19:18:44.116921,2026-04-02T22:18:44.116921,2026-04-08T15:03:27.553259,完了,136.74539898277777,2,0,False
T000254,タスク254,問い合わせ,高,事務,担当者D,2026-04-06T04:18:44.116921,2026-04-13T04:18:44.116921,2026-04-06T05:18:44.116921,2026-04-12T01:08:08.115730,完了,139.8233330025,4,0,False
T000255,タスク255,報告,高,企画,担当者B,2026-04-08T10:18:44.116921,2026-04-11T10:18:44.116921,2026-04-08T13:18:44.116921,2026-04-11T08:08:25.264874,完了,66.82809665361111,1,0,False
T000256,タスク256,問い合わせ,高,企画,担当者E,2026-03-26T04:18:44.116921,2026-04-01T04:18:44.116921,2026-03-26T06:18:44.116921,2026-03-29T09:00:53.857804,完了,74.70270580083334,3,0,False
T000257,タスク257,案件,中,企画,担当者B,2026-03-23T01:18:44.116921,2026-03-27T01:18:44.116921,2026-03-23T04:18:44.116921,2026-03-28T04:38:13.015553,完了,120.32469406444446,2,0,True
T000258,タスク258,申請,低,営業,担当者E,2026-02-13T04:18:44.116921,2026-02-20T04:18:44.116921,2026-02-13T08:18:44.116921,2026-02-16T06:43:30.003457,完了,70.41274626,3,0,False
T000259,タスク259,申請,高,技術,担当者C,2026-04-01T16:18:44.116921,2026-04-05T16:18:44.116921,2026-04-01T17:18:44.116921,2026-04-06T13:50:00.915794,完了,116.52133302027778,1,0,True
T000260,タスク260,案件,高,技術,担当者E,2026-03-31T08:18:44.116921,2026-04-03T08:18:44.116921,2026-03-31T09:18:44.116921,2026-04-04T12:11:06.822694,完了,98.87297382583334,2,0,True
T000261,タスク261,報告,中,営業,担当者A,2026-03-29T22:18:44.116921,2026-04-04T22:18:44.116921,2026-03-30T00:18:44.116921,2026-03-31T06:30:54.682726,完了,30.202934945833334,3,0,False
T000262,タスク262,問い合わせ,高,企画,担当者B,2026-03-16T19:18:44.116921,2026-03-20T19:18:44.116921,2026-03-16T22:18:44.116921,,確認待ち,,39,0,False
T000263,タスク263,報告,高,事務,担当者E,2026-02-14T22:18:44.116921,2026-02-17T22:18:44.116921,2026-02-15T01:18:44.116921,2026-02-15T23:04:47.718375,完了,21.767667070555557,1,0,False
T000264,タスク264,案件,中,企画,担当者E,2026-02-26T10:18:44.116921,2026-03-03T10:18:44.116921,2026-02-26T11:18:44.116921,2026-03-01T03:38:38.443152,完了,64.33175728638889,3,0,False
T000265,タスク265,申請,低,事務,担当者B,2026-04-18T20:18:44.116921,2026-04-22T20:18:44.116921,2026-04-18T23:18:44.116921,2026-04-22T18:27:46.606297,完了,91.15069149333334,3,0,False
T000266,タスク266,申請,高,事務,担当者D,2026-04-10T05:18:44.116921,2026-04-16T05:18:44.116921,2026-04-10T06:18:44.116921,2026-04-14T06:21:17.343384,完了,96.0425629063889,0,0,False
T000267,タスク267,申請,高,事務,担当者D,2026-04-18T03:18:44.116921,2026-04-24T03:18:44.116921,2026-04-18T06:18:44.116921,2026-04-24T13:39:16.386249,完了,151.34229703555556,0,0,True
T000268,タスク268,報告,中,企画,担当者B,2026-01-28T09:18:44.116921,2026-02-03T09:18:44.116921,2026-01-28T13:18:44.116921,2026-01-31T09:51:12.744876,完了,68.54128554305555,2,0,False
T000269,タスク269,案件,低,企画,担当者A,2026-04-02T07:18:44.116921,2026-04-07T07:18:44.116921,2026-04-02T08:18:44.116921,2026-04-03T23:51:48.242001,完了,39.55114585555555,3,0,False
T000270,タスク270,問い合わせ,中,営業,担当者D,2026-03-17T06:18:44.116921,2026-03-20T06:18:44.116921,2026-03-17T08:18:44.116921,,確認待ち,,31,0,False
T000271,タスク271,申請,高,事務,担当者A,2026-04-13T03:18:44.116921,2026-04-18T03:18:44.116921,2026-04-13T06:18:44.116921,2026-04-16T09:59:04.926661,完了,75.67244715,0,0,False
T000272,タスク272,問い合わせ,高,技術,担当者A,2026-04-18T23:18:44.116921,2026-04-24T23:18:44.116921,2026-04-19T00:18:44.116921,2026-04-19T20:44:37.325031,完了,20.431446697222224,1,0,False
T000273,タスク273,申請,低,営業,担当者A,2026-01-20T16:18:44.116921,2026-01-25T16:18:44.116921,2026-01-20T20:18:44.116921,2026-01-23T18:38:41.995470,完了,70.33274404138888,1,0,False
T000274,タスク274,問い合わせ,低,営業,担当者C,2026-02-02T02:18:44.116921,2026-02-07T02:18:44.116921,2026-02-02T04:18:44.116921,2026-02-06T16:30:31.426099,完了,108.19647477166667,1,0,False
T000275,タスク275,申請,高,技術,担当者D,2026-04-08T12:18:44.116921,2026-04-12T12:18:44.116921,2026-04-08T15:18:44.116921,2026-04-12T20:28:02.238961,完了,101.15503389999999,1,0,True
T000276,タスク276,報告,低,企画,担当者B,2026-02-15T18:18:44.116921,2026-02-18T18:18:44.116921,2026-02-15T19:18:44.116921,2026-02-20T04:11:04.709062,完了,104.87238670583332,3,0,True
T000277,タスク277,問い合わせ,高,企画,担当者B,2026-02-24T12:18:44.116921,2026-02-27T12:18:44.116921,2026-02-24T15:18:44.116921,2026-02-28T19:08:03.123079,完了,99.82194615499999,2,0,True
T000278,タスク278,案件,高,営業,担当者B,2026-03-11T01:18:44.116921,2026-03-14T01:18:44.116921,2026-03-11T05:18:44.116921,2026-03-14T17:47:17.126372,完了,84.47583595861111,4,0,True
T000279,タスク279,案件,低,営業,担当者D,2026-03-07T02:18:44.116921,2026-03-11T02:18:44.116921,2026-03-07T06:18:44.116921,2026-03-12T07:39:08.837036,完了,121.34020003194443,3,0,True
T000280,タスク280,申請,中,技術,担当者A,2026-01-21T00:18:44.116921,2026-01-25T00:18:44.116921,2026-01-21T01:18:44.116921,,処理中,,4,0,False
T000281,タスク281,問い合わせ,低,事務,担当者E,2026-01-30T12:18:44.116921,2026-02-06T12:18:44.116921,2026-01-30T14:18:44.116921,2026-02-03T04:29:30.435825,完了,86.17953302888888,4,0,False
T000282,タスク282,問い合わせ,低,技術,担当者C,2026-03-11T10:18:44.116921,2026-03-14T10:18:44.116921,2026-03-11T14:18:44.116921,2026-03-16T15:01:30.589144,完了,120.71290895083334,0,0,True
T000283,タスク283,案件,低,企画,担当者E,2026-02-03T06:18:44.116921,2026-02-10T06:18:44.116921,2026-02-03T07:18:44.116921,2026-02-08T01:45:49.599253,完了,114.45152286999999,1,0,False
T000284,タスク284,問い合わせ,中,企画,担当者D,2026-04-18T16:18:44.116921,2026-04-22T16:18:44.116921,2026-04-18T19:18:44.116921,2026-04-22T19:32:46.309642,完了,96.2339424225,2,0,True
T000285,タスク285,報告,高,営業,担当者A,2026-02-23T15:18:44.116921,2026-02-26T15:18:44.116921,2026-02-23T18:18:44.116921,2026-02-27T11:15:59.383777,完了,88.95424079333334,0,0,True
T000286,タスク286,問い合わせ,中,営業,担当者C,2026-03-24T06:18:44.116921,2026-03-31T06:18:44.116921,2026-03-24T07:18:44.116921,2026-03-27T05:49:55.808218,完了,70.51991424916667,2,0,False
T000287,タスク287,案件,中,事務,担当者B,2026-04-03T13:18:44.116921,2026-04-06T13:18:44.116921,2026-04-03T14:18:44.116921,2026-04-07T11:23:52.731152,完了,93.08572617527778,1,0,True
T000288,タスク288,報告,低,事務,担当者A,2026-03-09T20:18:44.116921,2026-03-13T20:18:44.116921,2026-03-10T00:18:44.116921,2026-03-12T11:36:28.602233,完了,59.29569036444445,2,0,False
T000289,タスク289,案件,中,事務,担当者B,2026-02-04T08:18:44.116921,2026-02-07T08:18:44.116921,2026-02-04T10:18:44.116921,2026-02-08T15:42:26.274819,完了,101.39504386055555,3,0,True
T000290,タスク290,報告,高,企画,担当者E,2026-02-28T02:18:44.116921,2026-03-03T02:18:44.116921,2026-02-28T06:18:44.116921,2026-03-03T06:21:23.126111,完了,72.04416921944444,4,0,True
T000291,タスク291,問い合わせ,低,技術,担当者D,2026-03-20T03:18:44.116921,2026-03-27T03:18:44.116921,2026-03-20T05:18:44.116921,2026-03-25T01:18:58.706976,完了,116.00405279305555,1,0,False
T000292,タスク292,報告,低,企画,担当者C,2026-01-22T23:18:44.116921,2026-01-29T23:18:44.116921,2026-01-23T00:18:44.116921,,処理中,,6,0,False
T000293,タスク293,案件,低,企画,担当者D,2026-03-27T23:18:44.116921,2026-04-02T23:18:44.116921,2026-03-28T00:18:44.116921,,処理中,,4,0,False
T000294,タスク294,案件,高,営業,担当者D,2026-03-27T05:18:44.116921,2026-04-01T05:18:44.116921,2026-03-27T06:18:44.116921,2026-04-01T22:37:28.613867,完了,136.3123602627778,3,0,True
T000295,タスク295,報告,中,技術,担当者B,2026-03-16T13:18:44.116921,2026-03-20T13:18:44.116921,2026-03-16T16:18:44.116921,2026-03-20T23:10:01.027311,完了,102.85469733055555,3,0,True
T000296,タスク296,案件,低,技術,担当者B,2026-02-22T23:18:44.116921,2026-02-25T23:18:44.116921,2026-02-23T01:18:44.116921,2026-02-26T12:00:30.205697,完了,82.69613577111112,1,0,True
T000297,タスク297,申請,中,営業,担当者A,2026-03-20T02:18:44.116921,2026-03-26T02:18:44.116921,2026-03-20T05:18:44.116921,,処理中,,4,0,False
T000298,タスク298,案件,高,企画,担当者E,2026-01-30T21:18:44.116921,2026-02-04T21:18:44.116921,2026-01-30T22:18:44.116921,2026-02-03T16:12:44.659804,完了,89.90015080083333,1,0,False
T000299,タスク299,申請,中,企画,担当者A,2026-03-06T04:18:44.116921,2026-03-13T04:18:44.116921,2026-03-06T07:18:44.116921,2026-03-08T22:55:09.146575,完了,63.60695268166667,0,0,False
T000300,タスク300,問い合わせ,低,技術,担当者B,2026-02-01T06:18:44.116921,2026-02-04T06:18:44.116921,2026-02-01T07:18:44.116921,2026-02-05T19:24:04.062475,完了,108.08887376499999,1,0,True
T000301,タスク301,問い合わせ,高,技術,担当者E,2026-03-08T13:18:44.116921,2026-03-11T13:18:44.116921,2026-03-08T16:18:44.116921,,処理中,,1,0,False
T000302,タスク302,申請,中,営業,担当者A,2026-02-04T18:18:44.116921,2026-02-09T18:18:44.116921,2026-02-04T19:18:44.116921,,処理中,,6,0,False
T000303,タスク303,申請,低,営業,担当者B,2026-03-09T13:18:44.116921,2026-03-15T13:18:44.116921,2026-03-09T16:18:44.116921,2026-03-14T06:39:37.050907,完了,110.34803721833333,2,0,False
T000304,タスク304,案件,低,事務,担当者B,2026-04-08T11:18:44.116921,2026-04-15T11:18:44.116921,2026-04-08T14:18:44.116921,2026-04-13T02:01:52.909668,完了,107.71910909638889,3,0,False
T000305,タスク305,申請,高,事務,担当者B,2026-03-09T20:18:44.116921,2026-03-15T20:18:44.116921,2026-03-09T22:18:44.116921,2026-03-13T21:54:39.398746,完了,95.59868939583333,0,0,False
T000306,タスク306,問い合わせ,低,事務,担当者C,2026-03-22T09:18:44.116921,2026-03-28T09:18:44.116921,2026-03-22T12:18:44.116921,2026-03-27T02:33:53.785655,完了,110.25268575944445,2,0,False
T000307,タスク307,報告,高,営業,担当者C,2026-01-27T07:18:44.116921,2026-02-03T07:18:44.116921,2026-01-27T09:18:44.116921,,処理中,,3,0,False
T000308,タスク308,案件,高,事務,担当者C,2026-02-17T10:18:44.116921,2026-02-23T10:18:44.116921,2026-02-17T12:18:44.116921,2026-02-21T12:57:14.702525,完了,96.64182933444445,2,0,False
T000309,タスク309,報告,低,技術,担当者E,2026-04-02T10:18:44.116921,2026-04-06T10:18:44.116921,2026-04-02T12:18:44.116921,2026-04-06T10:48:59.487907,完了,94.50426971833333,3,0,True
T000310,タスク310,問い合わせ,低,事務,担当者B,2026-01-23T18:18:44.116921,2026-01-26T18:18:44.116921,2026-01-23T20:18:44.116921,2026-01-27T16:25:48.560785,完了,92.11790107333333,2,0,True
T000311,タスク311,報告,低,事務,担当者A,2026-02-11T02:18:44.116921,2026-02-14T02:18:44.116921,2026-02-11T04:18:44.116921,2026-02-13T00:07:57.992154,完了,43.820520898055555,0,0,False
T000312,タスク312,申請,高,技術,担当者A,2026-04-14T04:18:44.116921,2026-04-21T04:18:44.116921,2026-04-14T07:18:44.116921,2026-04-17T04:24:31.572930,完了,69.09651555805556,1,0,False
T000313,タスク313,申請,中,事務,担当者E,2026-04-13T02:18:44.116921,2026-04-17T02:18:44.116921,2026-04-13T05:18:44.116921,2026-04-17T09:09:36.894963,完了,99.84799390055557,1,0,True
T000314,タスク314,案件,低,事務,担当者E,2026-02-04T21:18:44.116921,2026-02-07T21:18:44.116921,2026-02-05T01:18:44.116921,,確認待ち,,48,0,False
T000315,タスク315,報告,中,企画,担当者A,2026-04-07T23:18:44.116921,2026-04-14T23:18:44.116921,2026-04-08T03:18:44.116921,2026-04-11T04:22:38.812072,完了,73.0651930975,1,0,False
T000316,タスク316,報告,中,営業,担当者D,2026-04-10T18:18:44.116921,2026-04-15T18:18:44.116921,2026-04-10T19:18:44.116921,2026-04-15T19:42:55.902455,完了,120.40327375944445,0,0,True
T000317,タスク317,申請,中,技術,担当者D,2026-01-19T17:18:44.116921,2026-01-25T17:18:44.116921,2026-01-19T21:18:44.116921,,確認待ち,,43,0,False
T000318,タスク318,報告,低,事務,担当者B,2026-02-01T07:18:44.116921,2026-02-08T07:18:44.116921,2026-02-01T09:18:44.116921,2026-02-05T03:21:18.478705,完了,90.04287827333333,0,0,False
T000319,タスク319,案件,中,技術,担当者C,2026-02-21T19:18:44.116921,2026-02-24T19:18:44.116921,2026-02-21T21:18:44.116921,,処理中,,1,0,False
T000320,タスク320,問い合わせ,中,事務,担当者E,2026-01-23T05:18:44.116921,2026-01-27T05:18:44.116921,2026-01-23T09:18:44.116921,2026-01-26T18:48:48.629003,完了,81.5012533561111,1,0,False
T000321,タスク321,問い合わせ,低,事務,担当者B,2026-04-14T01:18:44.116921,2026-04-19T01:18:44.116921,2026-04-14T02:18:44.116921,2026-04-18T04:10:28.478021,完了,97.86232252777778,3,0,False
T000322,タスク322,報告,低,技術,担当者C,2026-01-20T05:18:44.116921,2026-01-23T05:18:44.116921,2026-01-20T09:18:44.116921,2026-01-26T20:44:21.370519,完了,155.42701488833333,1,1,True
T000323,タスク323,申請,低,事務,担当者D,2026-02-03T01:18:44.116921,2026-02-09T01:18:44.116921,2026-02-03T05:18:44.116921,,処理中,,8,0,False
T000324,タスク324,報告,高,営業,担当者D,2026-03-09T03:18:44.116921,2026-03-13T03:18:44.116921,2026-03-09T04:18:44.116921,2026-03-15T20:29:09.925416,完了,160.17383569305557,1,0,True
T000325,タスク325,問い合わせ,高,営業,担当者A,2026-02-08T14:18:44.116921,2026-02-11T14:18:44.116921,2026-02-08T17:18:44.116921,2026-02-09T21:59:48.195512,完了,28.684466275277778,4,0,False
T000326,タスク326,案件,中,営業,担当者E,2026-03-10T08:18:44.116921,2026-03-16T08:18:44.116921,2026-03-10T12:18:44.116921,2026-03-13T00:59:59.400005,完了,60.68757863444444,2,0,False
T000327,タスク327,問い合わせ,低,企画,担当者E,2026-03-25T10:18:44.116921,2026-04-01T10:18:44.116921,2026-03-25T12:18:44.116921,2026-03-29T22:32:52.740497,完了,106.23572877111111,1,0,False
T000328,タスク328,報告,中,営業,担当者A,2026-02-04T17:18:44.116921,2026-02-10T17:18:44.116921,2026-02-04T21:18:44.116921,2026-02-07T12:30:43.842328,完了,63.199923724166666,1,0,False
T000329,タスク329,申請,低,技術,担当者D,2026-01-31T04:18:44.116921,2026-02-07T04:18:44.116921,2026-01-31T07:18:44.116921,,処理中,,0,0,False
T000330,タスク330,報告,高,事務,担当者E,2026-02-07T20:18:44.116921,2026-02-14T20:18:44.116921,2026-02-07T21:18:44.116921,,処理中,,1,0,False
T000331,タスク331,申請,低,技術,担当者D,2026-03-13T00:18:44.116921,2026-03-19T00:18:44.116921,2026-03-13T04:18:44.116921,2026-03-18T04:04:37.619982,完了,119.7648619613889,1,0,False
T000332,タスク332,報告,中,事務,担当者A,2026-03-03T14:18:44.116921,2026-03-07T14:18:44.116921,2026-03-03T18:18:44.116921,,確認待ち,,13,0,False
T000333,タスク333,報告,高,技術,担当者B,2026-02-24T07:18:44.116921,2026-02-27T07:18:44.116921,2026-02-24T09:18:44.116921,2026-02-28T10:46:03.727983,完了,97.45544751722221,2,0,True
T000334,タスク334,報告,低,企画,担当者B,2026-04-07T12:18:44.116921,2026-04-10T12:18:44.116921,2026-04-07T16:18:44.116921,2026-04-11T03:18:38.699421,完了,82.9984951388889,3,0,True
T000335,タスク335,案件,低,企画,担当者D,2026-01-28T01:18:44.116921,2026-02-04T01:18:44.116921,2026-01-28T03:18:44.116921,2026-02-02T22:02:04.392895,完了,138.72229888166666,4,0,False
T000336,タスク336,報告,中,技術,担当者A,2026-02-13T17:18:44.116921,2026-02-17T17:18:44.116921,2026-02-13T21:18:44.116921,2026-02-15T18:29:19.510712,完了,45.17649827527778,1,0,False
T000337,タスク337,申請,高,事務,担当者A,2026-03-25T04:18:44.116921,2026-03-28T04:18:44.116921,2026-03-25T06:18:44.116921,2026-03-26T14:27:45.750679,完了,32.150453821666666,1,0,False
T000338,タスク338,問い合わせ,低,企画,担当者A,2026-03-04T21:18:44.116921,2026-03-09T21:18:44.116921,2026-03-05T00:18:44.116921,2026-03-08T06:08:29.927546,完了,77.82939184027778,4,1,False
T000339,タスク339,申請,低,企画,担当者D,2026-04-15T22:18:44.116921,2026-04-20T22:18:44.116921,2026-04-15T23:18:44.116921,,確認待ち,,12,0,False
T000340,タスク340,申請,中,事務,担当者C,2026-04-05T16:18:44.116921,2026-04-09T16:18:44.116921,2026-04-05T19:18:44.116921,2026-04-09T20:29:19.475831,完了,97.17648858611112,2,0,True
T000341,タスク341,案件,低,事務,担当者D,2026-03-19T00:18:44.116921,2026-03-23T00:18:44.116921,2026-03-19T03:18:44.116921,2026-03-23T11:31:32.243179,完了,104.213368405,3,0,True
T000342,タスク342,報告,中,事務,担当者E,2026-04-01T12:18:44.116921,2026-04-08T12:18:44.116921,2026-04-01T15:18:44.116921,2026-04-05T07:59:27.776979,完了,88.67879446055555,0,0,False
T000343,タスク343,申請,高,事務,担当者B,2026-02-24T00:18:44.116921,2026-03-01T00:18:44.116921,2026-02-24T02:18:44.116921,2026-02-28T07:00:56.206316,完了,100.70335816527778,0,0,False
T000344,タスク344,案件,高,企画,担当者D,2026-04-16T20:18:44.116921,2026-04-19T20:18:44.116921,2026-04-16T23:18:44.116921,2026-04-21T13:34:44.204639,完了,110.26669103277777,3,0,True
T000345,タスク345,報告,低,企画,担当者E,2026-03-04T15:18:44.116921,2026-03-08T15:18:44.116921,2026-03-04T19:18:44.116921,,確認待ち,,44,0,False
T000346,タスク346,報告,高,営業,担当者B,2026-02-25T19:18:44.116921,2026-03-03T19:18:44.116921,2026-02-25T22:18:44.116921,2026-03-02T02:46:03.408591,完了,100.45535879722222,1,0,False
T000347,タスク347,報告,中,営業,担当者C,2026-02-17T03:18:44.116921,2026-02-21T03:18:44.116921,2026-02-17T07:18:44.116921,2026-02-20T15:30:32.527237,完了,80.19678064333333,2,0,False
T000348,タスク348,申請,高,事務,担当者E,2026-03-20T17:18:44.116921,2026-03-27T17:18:44.116921,2026-03-20T18:18:44.116921,2026-03-23T03:17:20.220836,完了,56.97669553194445,0,0,False
T000349,タスク349,問い合わせ,中,企画,担当者B,2026-03-12T17:18:44.116921,2026-03-16T17:18:44.116921,2026-03-12T19:18:44.116921,2026-03-16T05:31:05.252348,完了,82.20587095194445,3,0,False
T000350,タスク350,問い合わせ,低,企画,担当者B,2026-01-30T07:18:44.116921,2026-02-04T07:18:44.116921,2026-01-30T10:18:44.116921,2026-02-04T18:12:50.649795,完了,127.90181468722223,2,1,True
T000351,タスク351,申請,低,営業,担当者E,2026-03-22T18:18:44.116921,2026-03-26T18:18:44.116921,2026-03-22T22:18:44.116921,2026-03-26T16:16:54.047855,完了,89.96942525944445,3,0,False
T000352,タスク352,案件,高,企画,担当者A,2026-03-28T22:18:44.116921,2026-04-02T22:18:44.116921,2026-03-29T01:18:44.116921,2026-04-01T05:38:20.738637,完了,76.32683936555556,0,0,False
T000353,タスク353,問い合わせ,低,営業,担当者C,2026-02-17T14:18:44.116921,2026-02-22T14:18:44.116921,2026-02-17T16:18:44.116921,2026-02-22T20:46:45.550077,完了,124.46706476555555,2,0,True
T000354,タスク354,報告,中,事務,担当者E,2026-02-27T01:18:44.116921,2026-03-05T01:18:44.116921,2026-02-27T04:18:44.116921,2026-03-02T13:14:29.165730,完了,80.92918022472222,1,0,False
T000355,タスク355,案件,高,企画,担当者A,2026-02-12T21:18:44.116921,2026-02-18T21:18:44.116921,2026-02-12T23:18:44.116921,2026-02-14T22:56:49.716631,完了,47.634888808333336,1,0,False
T000356,タスク356,案件,高,営業,担当者D,2026-02-04T03:18:44.116921,2026-02-07T03:18:44.116921,2026-02-04T06:18:44.116921,2026-02-08T11:03:49.287237,完了,100.7514361988889,4,0,True
T000357,タスク357,申請,高,企画,担当者A,2026-04-12T16:18:44.116921,2026-04-15T16:18:44.116921,2026-04-12T20:18:44.116921,2026-04-14T19:57:24.488961,完了,47.644547788888886,2,0,False
T000358,タスク358,問い合わせ,中,営業,担当者C,2026-02-15T14:18:44.116921,2026-02-18T14:18:44.116921,2026-02-15T18:18:44.116921,2026-02-20T00:46:12.031799,完了,102.45775413277778,2,0,True
T000359,タスク359,問い合わせ,中,企画,担当者A,2026-03-26T15:18:44.116921,2026-04-02T15:18:44.116921,2026-03-26T18:18:44.116921,2026-03-29T00:30:30.423812,完了,54.196196358611104,1,0,False
T000360,タスク360,申請,中,企画,担当者C,2026-03-06T14:18:44.116921,2026-03-12T14:18:44.116921,2026-03-06T16:18:44.116921,2026-03-10T12:25:45.914103,完了,92.11716588388889,1,0,False
T000361,タスク361,案件,高,営業,担当者A,2026-01-19T16:18:44.116921,2026-01-22T16:18:44.116921,2026-01-19T20:18:44.116921,2026-01-23T18:17:01.347985,完了,93.97145307333334,4,1,True
T000362,タスク362,案件,中,事務,担当者D,2026-02-21T12:18:44.116921,2026-02-25T12:18:44.116921,2026-02-21T15:18:44.116921,2026-03-01T08:44:27.030588,完了,185.42858712972222,1,1,True
T000363,タスク363,問い合わせ,高,企画,担当者A,2026-04-16T02:18:44.116921,2026-04-22T02:18:44.116921,2026-04-16T03:18:44.116921,,確認待ち,,12,0,False
T000364,タスク364,問い合わせ,低,技術,担当者E,2026-03-03T03:18:44.116921,2026-03-09T03:18:44.116921,2026-03-03T06:18:44.116921,,処理中,,5,0,False
T000365,タスク365,案件,低,営業,担当者D,2026-03-12T06:18:44.116921,2026-03-17T06:18:44.116921,2026-03-12T10:18:44.116921,2026-03-17T23:33:46.869628,完了,133.25076464083332,1,0,True
T000366,タスク366,申請,中,営業,担当者E,2026-02-08T19:18:44.116921,2026-02-14T19:18:44.116921,2026-02-08T23:18:44.116921,2026-02-12T03:36:31.757904,完了,76.29656693972223,1,0,False
T000367,タスク367,案件,中,事務,担当者D,2026-04-17T15:18:44.116921,2026-04-21T15:18:44.116921,2026-04-17T19:18:44.116921,2026-04-22T23:36:53.389264,完了,124.30257565083333,0,0,True
T000368,タスク368,案件,中,企画,担当者E,2026-01-21T14:18:44.116921,2026-01-28T14:18:44.116921,2026-01-21T16:18:44.116921,,確認待ち,,33,0,False
T000369,タスク369,申請,中,企画,担当者B,2026-03-22T03:18:44.116921,2026-03-28T03:18:44.116921,2026-03-22T04:18:44.116921,2026-03-26T06:11:15.488853,完了,97.87538109222221,4,0,False
T000370,タスク370,申請,中,企画,担当者B,2026-01-29T07:18:44.116921,2026-02-03T07:18:44.116921,2026-01-29T10:18:44.116921,,処理中,,3,0,False
T000371,タスク371,案件,中,営業,担当者E,2026-01-30T06:18:44.116921,2026-02-05T06:18:44.116921,2026-01-30T10:18:44.116921,2026-02-02T22:46:58.260166,完了,84.47059534583333,2,0,False
T000372,タスク372,報告,高,企画,担当者A,2026-02-02T04:18:44.116921,2026-02-08T04:18:44.116921,2026-02-02T05:18:44.116921,2026-02-04T14:52:25.758812,完了,57.56156719194445,4,0,False
T000373,タスク373,報告,高,技術,担当者C,2026-04-13T13:18:44.116921,2026-04-19T13:18:44.116921,2026-04-13T16:18:44.116921,2026-04-19T08:10:27.163092,完了,135.8619572697222,3,0,False
T000374,タスク374,報告,高,事務,担当者A,2026-04-14T03:18:44.116921,2026-04-20T03:18:44.116921,2026-04-14T04:18:44.116921,2026-04-16T22:43:48.916420,完了,66.41799986083333,2,0,False
T000375,タスク375,案件,中,企画,担当者A,2026-03-31T08:18:44.116921,2026-04-05T08:18:44.116921,2026-03-31T09:18:44.116921,,処理中,,6,0,False
T000376,タスク376,案件,中,営業,担当者B,2026-02-12T19:18:44.116921,2026-02-18T19:18:44.116921,2026-02-12T23:18:44.116921,2026-02-16T08:34:45.053374,完了,81.2669267925,2,0,False
T000377,タスク377,問い合わせ,中,営業,担当者A,2026-04-11T13:18:44.116921,2026-04-18T13:18:44.116921,2026-04-11T17:18:44.116921,2026-04-14T10:03:38.919331,完了,64.748556225,4,0,False
T000378,タスク378,問い合わせ,高,企画,担当者E,2026-03-28T15:18:44.116921,2026-03-31T15:18:44.116921,2026-03-28T19:18:44.116921,2026-04-01T10:49:56.716358,完了,87.52016651027778,4,0,True
T000379,タスク379,問い合わせ,中,技術,担当者E,2026-02-04T19:18:44.116921,2026-02-10T19:18:44.116921,2026-02-04T22:18:44.116921,2026-02-10T04:21:23.295665,完了,126.04421631777777,4,0,False
T000380,タスク380,報告,高,事務,担当者B,2026-03-04T01:18:44.116921,2026-03-10T01:18:44.116921,2026-03-04T03:18:44.116921,2026-03-07T11:47:34.539437,完了,80.48067292111111,4,0,False
T000381,タスク381,問い合わせ,高,企画,担当者B,2026-03-31T12:18:44.116921,2026-04-04T12:18:44.116921,2026-03-31T14:18:44.116921,2026-04-03T22:11:22.543189,完了,79.87734062999999,2,0,False
T000382,タスク382,報告,中,営業,担当者A,2026-03-25T09:18:44.116921,2026-03-30T09:18:44.116921,2026-03-25T12:18:44.116921,2026-03-27T00:48:14.097268,完了,36.4916612075,3,0,False
T000383,タスク383,問い合わせ,中,事務,担当者D,2026-03-26T19:18:44.116921,2026-03-29T19:18:44.116921,2026-03-26T21:18:44.116921,2026-03-31T16:32:00.444457,完了,115.22120209333333,2,1,True
T000384,タスク384,問い合わせ,高,技術,担当者B,2026-02-06T17:18:44.116921,2026-02-11T17:18:44.116921,2026-02-06T18:18:44.116921,2026-02-10T08:13:03.929822,完了,85.90550358361112,4,0,False
T000385,タスク385,案件,低,事務,担当者A,2026-02-19T08:18:44.116921,2026-02-24T08:18:44.116921,2026-02-19T12:18:44.116921,2026-02-20T21:44:12.867354,完了,33.424652898055555,2,0,False
T000386,タスク386,問い合わせ,高,企画,担当者B,2026-02-14T11:18:44.116921,2026-02-20T11:18:44.116921,2026-02-14T14:18:44.116921,2026-02-18T17:11:59.335442,完了,98.88756070027777,4,0,False
T000387,タスク387,申請,低,技術,担当者A,2026-02-26T06:18:44.116921,2026-03-02T06:18:44.116921,2026-02-26T08:18:44.116921,,確認待ち,,19,0,False
T000388,タスク388,申請,高,企画,担当者B,2026-02-24T09:18:44.116921,2026-03-01T09:18:44.116921,2026-02-24T11:18:44.116921,2026-03-01T23:20:05.045328,完了,132.02248011305556,2,0,True
T000389,タスク389,申請,高,事務,担当者E,2026-01-24T20:18:44.116921,2026-01-29T20:18:44.116921,2026-01-24T21:18:44.116921,2026-01-29T03:33:37.412616,完了,102.24813769305555,2,0,False
T000390,タスク390,問い合わせ,中,技術,担当者E,2026-01-29T14:18:44.116921,2026-02-03T14:18:44.116921,2026-01-29T16:18:44.116921,,処理中,,8,0,False
T000391,タスク391,申請,高,営業,担当者B,2026-01-31T03:18:44.116921,2026-02-04T03:18:44.116921,2026-01-31T06:18:44.116921,2026-02-03T13:03:45.694837,完了,78.75043830999999,4,0,False
T000392,タスク392,案件,高,事務,担当者D,2026-02-03T13:18:44.116921,2026-02-08T13:18:44.116921,2026-02-03T15:18:44.116921,,確認待ち,,27,0,False
T000393,タスク393,申請,中,営業,担当者C,2026-03-08T19:18:44.116921,2026-03-14T19:18:44.116921,2026-03-08T22:18:44.116921,2026-03-12T08:57:49.597652,完了,82.65152242527779,2,0,False
T000394,タスク394,案件,高,営業,担当者C,2026-02-26T12:18:44.116921,2026-03-02T12:18:44.116921,2026-02-26T13:18:44.116921,,処理中,,8,0,False
T000395,タスク395,案件,高,企画,担当者D,2026-02-15T13:18:44.116921,2026-02-19T13:18:44.116921,2026-02-15T14:18:44.116921,2026-02-21T12:57:27.018065,完了,142.64525031777777,3,0,True
T000396,タスク396,案件,高,企画,担当者A,2026-01-23T06:18:44.116921,2026-01-28T06:18:44.116921,2026-01-23T07:18:44.116921,2026-01-24T22:18:14.695848,完了,38.99182747972222,2,0,False
T000397,タスク397,案件,高,営業,担当者D,2026-02-22T05:18:44.116921,2026-02-28T05:18:44.116921,2026-02-22T09:18:44.116921,2026-02-27T12:25:12.258270,完了,123.10781704138888,0,1,False
T000398,タスク398,案件,中,技術,担当者C,2026-04-03T17:18:44.116921,2026-04-06T17:18:44.116921,2026-04-03T18:18:44.116921,2026-04-09T08:18:23.775423,完了,133.9943495838889,4,0,True
T000399,タスク399,報告,高,企画,担当者D,2026-03-09T04:18:44.116921,2026-03-12T04:18:44.116921,2026-03-09T06:18:44.116921,2026-03-14T04:06:47.122817,完了,117.80083497111112,3,0,True
T000400,タスク400,申請,高,営業,担当者A,2026-02-27T13:18:44.116921,2026-03-04T13:18:44.116921,2026-02-27T15:18:44.116921,2026-03-04T03:04:41.980405,完了,107.76607318999999,4,1,False
T000401,タスク401,問い合わせ,低,企画,担当者B,2026-02-27T22:18:44.116921,2026-03-04T22:18:44.116921,2026-02-28T02:18:44.116921,,確認待ち,,21,0,False
T000402,タスク402,申請,高,営業,担当者A,2026-04-08T00:18:44.116921,2026-04-12T00:18:44.116921,2026-04-08T02:18:44.116921,2026-04-09T14:48:15.315334,完了,36.491999559166665,0,0,False
T000403,タスク403,報告,低,企画,担当者C,2026-02-26T13:18:44.116921,2026-03-01T13:18:44.116921,2026-02-26T14:18:44.116921,2026-03-03T02:24:46.561446,完了,108.10067903472222,2,0,True
T000404,タスク404,報告,高,企画,担当者A,2026-02-01T01:18:44.116921,2026-02-08T01:18:44.116921,2026-02-01T03:18:44.116921,2026-02-03T04:12:51.415562,完了,48.90202740027778,4,0,False
T000405,タスク405,申請,中,事務,担当者C,2026-04-02T10:18:44.116921,2026-04-07T10:18:44.116921,2026-04-02T14:18:44.116921,2026-04-06T17:40:15.591532,完了,99.35874294749999,1,0,False
T000406,タスク406,案件,低,営業,担当者D,2026-02-06T13:18:44.116921,2026-02-11T13:18:44.116921,2026-02-06T17:18:44.116921,2026-02-12T05:16:15.504245,完了,131.9587187011111,3,0,True
T000407,タスク407,案件,高,営業,担当者B,2026-02-23T20:18:44.116921,2026-03-02T20:18:44.116921,2026-02-23T23:18:44.116921,2026-02-27T02:48:50.192842,完了,75.50168775583333,0,0,False
T000408,タスク408,申請,高,企画,担当者E,2026-04-04T10:18:44.116921,2026-04-10T10:18:44.116921,2026-04-04T12:18:44.116921,,処理中,,8,0,False
T000409,タスク409,申請,中,営業,担当者E,2026-03-07T04:18:44.116921,2026-03-11T04:18:44.116921,2026-03-07T07:18:44.116921,2026-03-10T21:37:18.950985,完了,86.30967612888888,0,0,False
T000410,タスク410,問い合わせ,高,技術,担当者B,2026-04-13T23:18:44.116921,2026-04-20T23:18:44.116921,2026-04-14T01:18:44.116921,2026-04-18T11:11:22.129131,完了,105.8772256138889,4,0,False
T000411,タスク411,問い合わせ,高,事務,担当者D,2026-03-05T17:18:44.116921,2026-03-09T17:18:44.116921,2026-03-05T19:18:44.116921,2026-03-11T08:58:30.937295,完了,133.66300565944445,0,0,True
T000412,タスク412,報告,高,事務,担当者A,2026-03-10T07:18:44.116921,2026-03-16T07:18:44.116921,2026-03-10T08:18:44.116921,,処理中,,8,0,False
T000413,タスク413,報告,中,企画,担当者B,2026-04-04T09:18:44.116921,2026-04-11T09:18:44.116921,2026-04-04T13:18:44.116921,2026-04-07T07:51:26.145440,完了,66.54500792194445,0,0,False
T000414,タスク414,問い合わせ,中,企画,担当者C,2026-03-27T04:18:44.116921,2026-04-01T04:18:44.116921,2026-03-27T08:18:44.116921,2026-04-01T20:50:37.138851,完了,132.53139498055555,0,0,True
T000415,タスク415,案件,高,企画,担当者C,2026-02-17T18:18:44.116921,2026-02-24T18:18:44.116921,2026-02-17T20:18:44.116921,2026-02-22T14:41:33.661429,完了,114.38042903,4,0,False
T000416,タスク416,案件,低,営業,担当者D,2026-03-14T02:18:44.116921,2026-03-17T02:18:44.116921,2026-03-14T06:18:44.116921,2026-03-18T15:56:28.727514,完了,105.62905849805556,3,0,True
T000417,タスク417,問い合わせ,低,企画,担当者B,2026-02-05T10:18:44.116921,2026-02-12T10:18:44.116921,2026-02-05T12:18:44.116921,2026-02-12T06:05:39.741469,完了,161.78211793000003,4,1,False
T000418,タスク418,案件,低,技術,担当者D,2026-02-21T21:18:44.116921,2026-02-28T21:18:44.116921,2026-02-21T22:18:44.116921,,確認待ち,,30,0,False
T000419,タスク419,問い合わせ,高,事務,担当者B,2026-04-07T07:18:44.116921,2026-04-13T07:18:44.116921,2026-04-07T09:18:44.116921,2026-04-12T07:57:17.138283,完了,118.6425059338889,4,0,False
T000420,タスク420,案件,低,技術,担当者D,2026-02-10T15:18:44.116921,2026-02-15T15:18:44.116921,2026-02-10T16:18:44.116921,2026-02-15T17:36:30.994356,完了,121.29635484305555,0,0,True
T000421,タスク421,案件,低,技術,担当者B,2026-02-08T11:18:44.116921,2026-02-11T11:18:44.116921,2026-02-08T15:18:44.116921,,処理中,,8,0,False
T000422,タスク422,申請,中,営業,担当者E,2026-04-13T20:18:44.116921,2026-04-20T20:18:44.116921,2026-04-13T21:18:44.116921,,確認待ち,,39,0,False
T000423,タスク423,案件,中,企画,担当者B,2026-04-19T08:18:44.116921,2026-04-25T08:18:44.116921,2026-04-19T12:18:44.116921,2026-04-23T07:31:55.714978,完了,91.21988834916668,4,0,False
T000424,タスク424,問い合わせ,低,営業,担当者A,2026-02-21T07:18:44.116921,2026-02-25T07:18:44.116921,2026-02-21T10:18:44.116921,2026-02-24T04:57:59.101051,完了,66.65416225833333,2,0,False
T000425,タスク425,申請,中,営業,担当者E,2026-04-03T08:18:44.116921,2026-04-06T08:18:44.116921,2026-04-03T09:18:44.116921,2026-04-07T09:42:12.502556,完了,96.39121823194445,2,0,True
T000426,タスク426,報告,高,技術,担当者C,2026-02-08T05:18:44.116921,2026-02-15T05:18:44.116921,2026-02-08T08:18:44.116921,,処理中,,5,0,False
T000427,タスク427,報告,中,事務,担当者E,2026-02-15T05:18:44.116921,2026-02-22T05:18:44.116921,2026-02-15T09:18:44.116921,2026-02-18T02:47:08.607326,完了,65.47346955694444,3,0,False
T000428,タスク428,案件,低,技術,担当者A,2026-03-11T15:18:44.116921,2026-03-15T15:18:44.116921,2026-03-11T17:18:44.116921,2026-03-14T06:29:03.993836,完了,61.172188031944444,1,0,False
T000429,タスク429,問い合わせ,中,技術,担当者A,2026-03-04T09:18:44.116921,2026-03-11T09:18:44.116921,2026-03-04T11:18:44.116921,2026-03-07T07:38:02.417452,完了,68.3217501475,0,0,False
T000430,タスク430,申請,高,事務,担当者B,2026-01-30T18:18:44.116921,2026-02-04T18:18:44.116921,2026-01-30T21:18:44.116921,2026-02-03T23:32:40.043619,完了,98.23220186055555,3,1,False
T000431,タスク431,報告,低,営業,担当者D,2026-04-05T17:18:44.116921,2026-04-09T17:18:44.116921,2026-04-05T21:18:44.116921,2026-04-09T22:35:37.288526,完了,97.28143655694444,4,0,True
T000432,タスク432,問い合わせ,低,事務,担当者B,2026-04-06T08:18:44.116921,2026-04-13T08:18:44.116921,2026-04-06T10:18:44.116921,2026-04-08T19:09:32.388794,完了,56.84674218694444,0,0,False
T000433,タスク433,案件,高,事務,担当者D,2026-03-12T03:18:44.116921,2026-03-18T03:18:44.116921,2026-03-12T05:18:44.116921,2026-03-17T00:08:22.716524,完了,114.82738877861111,0,0,False
T000434,タスク434,申請,高,営業,担当者C,2026-04-01T10:18:44.116921,2026-04-06T10:18:44.116921,2026-04-01T13:18:44.116921,2026-04-06T15:05:20.637642,完了,121.77681131138888,3,0,True
T000435,タスク435,案件,高,事務,担当者E,2026-02-21T21:18:44.116921,2026-02-27T21:18:44.116921,2026-02-21T22:18:44.116921,2026-02-26T15:09:27.036362,完了,112.84525540027776,2,0,False
T000436,タスク436,申請,高,技術,担当者D,2026-03-29T10:18:44.116921,2026-04-03T10:18:44.116921,2026-03-29T14:18:44.116921,2026-04-03T15:44:05.548144,完了,121.42261978416667,2,0,True
T000437,タスク437,問い合わせ,中,技術,担当者A,2026-04-04T16:18:44.116921,2026-04-10T16:18:44.116921,2026-04-04T19:18:44.116921,2026-04-08T02:34:54.023431,完了,79.269418475,1,0,False
T000438,タスク438,案件,高,企画,担当者A,2026-03-06T08:18:44.116921,2026-03-13T08:18:44.116921,2026-03-06T11:18:44.116921,2026-03-08T20:48:51.504129,完了,57.50205200222222,2,1,False
T000439,タスク439,申請,高,企画,担当者B,2026-03-21T02:18:44.116921,2026-03-26T02:18:44.116921,2026-03-21T05:18:44.116921,2026-03-23T20:36:26.322713,完了,63.295057164444444,1,0,False
T000440,タスク440,報告,低,営業,担当者C,2026-02-19T15:18:44.116921,2026-02-23T15:18:44.116921,2026-02-19T17:18:44.116921,2026-02-24T04:14:44.659973,完了,106.93348418111111,4,0,True
T000441,タスク441,申請,中,事務,担当者E,2026-02-03T18:18:44.116921,2026-02-09T18:18:44.116921,2026-02-03T19:18:44.116921,2026-02-07T14:41:10.720752,完了,91.37405661972223,0,0,False
T000442,タスク442,申請,低,企画,担当者D,2026-03-24T10:18:44.116921,2026-03-29T10:18:44.116921,2026-03-24T12:18:44.116921,,確認待ち,,29,0,False
T000443,タスク443,申請,低,技術,担当者D,2026-01-26T08:18:44.116921,2026-02-01T08:18:44.116921,2026-01-26T09:18:44.116921,2026-01-29T17:37:02.518966,完了,80.30511167916667,1,0,False
T000444,タスク444,報告,低,事務,担当者A,2026-03-01T14:18:44.116921,2026-03-04T14:18:44.116921,2026-03-01T16:18:44.116921,2026-03-03T14:36:04.139790,完了,46.28889524138889,2,0,False
T000445,タスク445,申請,高,事務,担当者E,2026-02-19T00:18:44.116921,2026-02-25T00:18:44.116921,2026-02-19T03:18:44.116921,2026-02-21T14:15:59.185046,完了,58.954185590277774,1,0,False
T000446,タスク446,案件,高,事務,担当者D,2026-03-07T04:18:44.116921,2026-03-12T04:18:44.116921,2026-03-07T06:18:44.116921,2026-03-12T19:10:11.883496,完了,132.8577129375,1,0,True
T000447,タスク447,申請,低,企画,担当者D,2026-02-19T09:18:44.116921,2026-02-25T09:18:44.116921,2026-02-19T11:18:44.116921,2026-02-24T18:21:03.387691,完了,127.038686325,1,0,False
T000448,タスク448,案件,中,営業,担当者E,2026-03-14T07:18:44.116921,2026-03-18T07:18:44.116921,2026-03-14T10:18:44.116921,2026-03-17T04:15:59.626090,完了,65.9543081025,4,0,False
T000449,タスク449,報告,中,事務,担当者B,2026-04-17T21:18:44.116921,2026-04-20T21:18:44.116921,2026-04-18T00:18:44.116921,2026-04-21T14:26:45.635595,完了,86.13375518722222,3,0,True
T000450,タスク450,問い合わせ,高,企画,担当者C,2026-03-07T09:18:44.116921,2026-03-14T09:18:44.116921,2026-03-07T12:18:44.116921,2026-03-11T03:58:31.278288,完了,87.66310037972222,4,0,False
T000451,タスク451,申請,高,事務,担当者E,2026-02-25T03:18:44.116921,2026-03-02T03:18:44.116921,2026-02-25T07:18:44.116921,2026-02-28T18:06:31.737717,完了,82.79656133222223,0,0,False
T000452,タスク452,案件,低,企画,担当者B,2026-03-20T12:18:44.116921,2026-03-24T12:18:44.116921,2026-03-20T15:18:44.116921,2026-03-25T09:39:03.554114,完了,114.33873255361111,3,0,True
T000453,タスク453,報告,中,事務,担当者C,2026-03-03T23:18:44.116921,2026-03-08T23:18:44.116921,2026-03-04T02:18:44.116921,2026-03-07T19:23:10.732598,完了,89.07405991027778,3,0,False
T000454,タスク454,報告,高,営業,担当者D,2026-04-05T08:18:44.116921,2026-04-11T08:18:44.116921,2026-04-05T10:18:44.116921,2026-04-12T07:59:23.812074,完了,165.67769309805553,1,1,True
T000455,タスク455,案件,低,技術,担当者A,2026-02-14T21:18:44.116921,2026-02-20T21:18:44.116921,2026-02-14T22:18:44.116921,2026-02-16T12:07:52.710339,完了,37.819053727222226,4,0,False
T000456,タスク456,報告,低,企画,担当者C,2026-03-27T18:18:44.116921,2026-03-30T18:18:44.116921,2026-03-27T20:18:44.116921,2026-03-31T17:05:20.746755,完了,92.77684162055556,3,0,True
T000457,タスク457,申請,中,事務,担当者B,2026-02-25T06:18:44.116921,2026-03-01T06:18:44.116921,2026-02-25T08:18:44.116921,2026-03-01T06:15:26.178441,完了,93.94501708888889,2,0,False
T000458,タスク458,申請,高,事務,担当者E,2026-03-31T06:18:44.116921,2026-04-04T06:18:44.116921,2026-03-31T08:18:44.116921,2026-04-03T00:26:08.167595,完了,64.12334740944445,4,0,False
T000459,タスク459,問い合わせ,中,営業,担当者B,2026-03-05T07:18:44.116921,2026-03-12T07:18:44.116921,2026-03-05T08:18:44.116921,2026-03-08T21:40:55.876935,完了,85.36993333722222,2,0,False
T000460,タスク460,申請,中,営業,担当者C,2026-01-20T08:18:44.116921,2026-01-24T08:18:44.116921,2026-01-20T11:18:44.116921,2026-01-25T12:18:46.796985,完了,121.00074446222223,3,1,True
T000461,タスク461,申請,中,企画,担当者B,2026-03-16T01:18:44.116921,2026-03-23T01:18:44.116921,2026-03-16T02:18:44.116921,2026-03-21T16:02:05.918108,完了,133.72272255194446,4,0,False
T000462,タスク462,報告,中,事務,担当者D,2026-02-09T14:18:44.116921,2026-02-15T14:18:44.116921,2026-02-09T16:18:44.116921,2026-02-14T16:59:21.533633,完了,120.67706019777778,1,0,False
T000463,タスク463,申請,中,技術,担当者B,2026-03-12T22:18:44.116921,2026-03-15T22:18:44.116921,2026-03-13T00:18:44.116921,2026-03-16T10:52:39.089809,完了,82.56527024666667,4,0,True
T000464,タスク464,報告,中,企画,担当者B,2026-02-13T02:18:44.116921,2026-02-16T02:18:44.116921,2026-02-13T03:18:44.116921,,処理中,,1,0,False
T000465,タスク465,申請,中,技術,担当者B,2026-03-17T15:18:44.116921,2026-03-20T15:18:44.116921,2026-03-17T16:18:44.116921,2026-03-21T14:09:20.002126,完了,93.84330144583333,2,0,True
T000466,タスク466,報告,中,営業,担当者C,2026-03-08T06:18:44.116921,2026-03-11T06:18:44.116921,2026-03-08T07:18:44.116921,2026-03-12T15:04:10.698201,完了,103.75738368888888,0,0,True
T000467,タスク467,問い合わせ,中,技術,担当者B,2026-03-30T07:18:44.116921,2026-04-03T07:18:44.116921,2026-03-30T10:18:44.116921,2026-04-03T22:06:15.319228,完了,107.79200064083334,0,0,True
T000468,タスク468,申請,中,事務,担当者B,2026-02-20T15:18:44.116921,2026-02-23T15:18:44.116921,2026-02-20T19:18:44.116921,2026-02-26T21:51:23.049839,完了,146.5441480327778,1,1,True
T000469,タスク469,報告,低,企画,担当者E,2026-03-01T21:18:44.116921,2026-03-04T21:18:44.116921,2026-03-01T22:18:44.116921,2026-03-05T00:07:35.877598,完了,73.81437796583333,1,0,True
T000470,タスク470,申請,低,営業,担当者C,2026-02-02T23:18:44.116921,2026-02-08T23:18:44.116921,2026-02-03T00:18:44.116921,2026-02-07T01:15:23.560128,完了,96.94428977972221,0,0,False
T000471,タスク471,申請,低,事務,担当者E,2026-01-25T10:18:44.116921,2026-01-31T10:18:44.116921,2026-01-25T12:18:44.116921,2026-01-30T07:01:52.543614,完了,114.71900741472223,1,1,False
T000472,タスク472,申請,低,事務,担当者C,2026-04-09T17:18:44.116921,2026-04-12T17:18:44.116921,2026-04-09T19:18:44.116921,2026-04-12T11:06:55.326014,完了,63.803113636944445,1,0,False
T000473,タスク473,報告,低,技術,担当者D,2026-04-01T12:18:44.116921,2026-04-06T12:18:44.116921,2026-04-01T14:18:44.116921,2026-04-05T09:13:14.110702,完了,90.90833160583334,1,0,False
T000474,タスク474,報告,高,技術,担当者E,2026-03-17T09:18:44.116921,2026-03-22T09:18:44.116921,2026-03-17T13:18:44.116921,2026-03-22T03:33:22.466287,完了,110.243985935,2,0,False
T000475,タスク475,報告,中,営業,担当者B,2026-02-24T11:18:44.116921,2026-03-03T11:18:44.116921,2026-02-24T12:18:44.116921,2026-03-01T19:53:44.285278,完了,127.58338009916666,2,0,False
T000476,タスク476,問い合わせ,中,営業,担当者B,2026-04-11T08:18:44.116921,2026-04-17T08:18:44.116921,2026-04-11T09:18:44.116921,2026-04-15T04:31:50.745867,完了,91.21850804055556,4,0,False
T000477,タスク477,報告,中,事務,担当者B,2026-04-14T09:18:44.116921,2026-04-20T09:18:44.116921,2026-04-14T13:18:44.116921,2026-04-19T00:22:55.734207,完了,107.06989369055556,2,0,False
T000478,タスク478,問い合わせ,低,技術,担当者A,2026-02-02T19:18:44.116921,2026-02-09T19:18:44.116921,2026-02-02T20:18:44.116921,2026-02-05T02:17:17.727603,完了,53.97600296722222,0,0,False
T000479,タスク479,報告,低,事務,担当者E,2026-02-12T19:18:44.116921,2026-02-15T19:18:44.116921,2026-02-12T23:18:44.116921,2026-02-18T22:25:36.358401,完了,143.11451152222222,4,0,True
T000480,タスク480,申請,高,営業,担当者A,2026-02-17T11:18:44.116921,2026-02-20T11:18:44.116921,2026-02-17T13:18:44.116921,2026-02-20T10:48:29.134799,完了,69.49583829944444,0,0,False
T000481,タスク481,案件,中,営業,担当者C,2026-03-07T09:18:44.116921,2026-03-13T09:18:44.116921,2026-03-07T10:18:44.116921,2026-03-11T19:51:22.452998,完了,105.54398224361111,0,0,False
T000482,タスク482,問い合わせ,高,企画,担当者A,2026-02-16T08:18:44.116921,2026-02-19T08:18:44.116921,2026-02-16T10:18:44.116921,2026-02-17T15:57:57.161667,完了,29.653623540555554,4,0,False
T000483,タスク483,申請,低,企画,担当者D,2026-04-01T15:18:44.116921,2026-04-08T15:18:44.116921,2026-04-01T16:18:44.116921,2026-04-05T09:28:06.547265,完了,89.15623065111112,3,0,False
T000484,タスク484,申請,中,事務,担当者E,2026-02-12T09:18:44.116921,2026-02-18T09:18:44.116921,2026-02-12T12:18:44.116921,2026-02-16T04:13:07.523432,完了,87.90650180861111,4,0,False
T000485,タスク485,問い合わせ,中,事務,担当者D,2026-03-31T02:18:44.116921,2026-04-05T02:18:44.116921,2026-03-31T06:18:44.116921,2026-04-04T15:47:25.153407,完了,105.47806569055555,1,0,False
T000486,タスク486,案件,高,企画,担当者D,2026-03-07T06:18:44.116921,2026-03-13T06:18:44.116921,2026-03-07T07:18:44.116921,2026-03-11T04:00:17.940514,完了,92.69272877583333,4,0,False
T000487,タスク487,問い合わせ,低,営業,担当者B,2026-02-26T16:18:44.116921,2026-03-03T16:18:44.116921,2026-02-26T18:18:44.116921,,処理中,,4,0,False
T000488,タスク488,報告,中,営業,担当者B,2026-03-19T03:18:44.116921,2026-03-23T03:18:44.116921,2026-03-19T06:18:44.116921,2026-03-22T09:32:47.518911,完了,75.23427833055555,1,0,False
T000489,タスク489,申請,高,営業,担当者B,2026-04-03T04:18:44.116921,2026-04-10T04:18:44.116921,2026-04-03T05:18:44.116921,2026-04-08T13:42:19.346737,完了,128.39311939333334,1,0,False
T000490,タスク490,報告,中,技術,担当者A,2026-04-06T12:18:44.116921,2026-04-11T12:18:44.116921,2026-04-06T16:18:44.116921,2026-04-10T21:14:23.056921,完了,100.92748333333333,2,1,False
T000491,タスク491,問い合わせ,中,企画,担当者A,2026-02-03T23:18:44.116921,2026-02-10T23:18:44.116921,2026-02-04T03:18:44.116921,2026-02-06T03:09:33.047953,完了,47.84692528666667,2,0,False
T000492,タスク492,問い合わせ,低,事務,担当者D,2026-02-07T17:18:44.116921,2026-02-13T17:18:44.116921,2026-02-07T18:18:44.116921,2026-02-13T22:43:37.855801,完了,148.41492746666665,3,0,True
T000493,タスク493,問い合わせ,低,技術,担当者A,2026-01-30T07:18:44.116921,2026-02-06T07:18:44.116921,2026-01-30T11:18:44.116921,2026-02-01T12:47:51.814346,完了,49.48547150694444,3,0,False
T000494,タスク494,問い合わせ,低,営業,担当者D,2026-03-31T22:18:44.116921,2026-04-06T22:18:44.116921,2026-04-01T00:18:44.116921,2026-04-05T07:46:32.152925,完了,103.46334333444445,4,0,False
T000495,タスク495,報告,低,事務,担当者E,2026-02-23T05:18:44.116921,2026-02-28T05:18:44.116921,2026-02-23T06:18:44.116921,2026-02-27T23:33:22.453142,完了,113.24398228361112,2,0,False
T000496,タスク496,問い合わせ,中,営業,担当者C,2026-03-05T11:18:44.116921,2026-03-08T11:18:44.116921,2026-03-05T13:18:44.116921,,確認待ち,,40,0,False
T000497,タスク497,問い合わせ,中,営業,担当者B,2026-02-17T22:18:44.116921,2026-02-22T22:18:44.116921,2026-02-17T23:18:44.116921,2026-02-22T15:23:49.662734,完了,112.08487383694444,4,1,False
T000498,タスク498,問い合わせ,低,事務,担当者C,2026-03-04T14:18:44.116921,2026-03-07T14:18:44.116921,2026-03-04T18:18:44.116921,2026-03-09T02:39:27.907492,完了,104.34549738083334,4,0,True
T000499,タスク499,案件,中,企画,担当者B,2026-03-31T07:18:44.116921,2026-04-07T07:18:44.116921,2026-03-31T08:18:44.116921,2026-04-03T15:30:01.383247,完了,79.188129535,4,0,False
T000500,タスク500,案件,中,事務,担当者E,2026-01-27T01:18:44.116921,2026-01-31T01:18:44.116921,2026-01-27T04:18:44.116921,2026-01-29T13:45:44.999517,完了,57.45024516555556,0,0,False
